transcript_id	gene_id	gene_name	gene_type	seqnames	strand	left_start	left_end	left_is_TE	left_TE_name	left_TE_class	left_TE_family	left_TE_overlap_width	right_start	right_end	right_is_TE	right_TE_name	right_TE_class	right_TE_family	right_TE_overlap_width	junction_type	donor_site	acceptor_site
OFFICIAL_SIMTX_ENSMUSG00000000378.14_iso1	ENSMUSG00000000378.14	Ccm2	protein_coding	chr11	+	6560183	6560303	TRUE	MER47A	DNA	TcMar-Tigger	121	6584520	6584603	FALSE	none	none	none	0	TE_to_host	6560303	6584520
OFFICIAL_SIMTX_ENSMUSG00000001105.14_iso1	ENSMUSG00000001105.14	Ift20	protein_coding	chr11	+	78536361	78536576	FALSE	none	none	none	0	78538510	78538738	TRUE	L2c	LINE	L2	110	host_to_TE	78536576	78538510
OFFICIAL_SIMTX_ENSMUSG00000001105.14_iso1	ENSMUSG00000001105.14	Ift20	protein_coding	chr11	+	78538510	78538738	TRUE	L2c	LINE	L2	110	78539960	78540045	FALSE	none	none	none	0	TE_to_host	78538738	78539960
OFFICIAL_SIMTX_ENSMUSG00000001930.16_iso2	ENSMUSG00000001930.16	Vwf	protein_coding	chr6	+	125655032	125655252	FALSE	none	none	none	0	125686351	125686672	TRUE	L2	LINE	L2	29	host_to_TE	125655252	125686351
OFFICIAL_SIMTX_ENSMUSG00000001930.16_iso3	ENSMUSG00000001930.16	Vwf	protein_coding	chr6	+	125658716	125658915	FALSE	none	none	none	0	125658716	125661967	TRUE	MIRb,MER103C	SINE,DNA	MIR,hAT-Charlie	111	host_to_TE	125658915	125658716
OFFICIAL_SIMTX_ENSMUSG00000001930.16_iso3	ENSMUSG00000001930.16	Vwf	protein_coding	chr6	+	125658716	125661967	TRUE	MIRb,MER103C	SINE,DNA	MIR,hAT-Charlie	111	125685810	125685907	FALSE	none	none	none	0	TE_to_host	125661967	125685810
OFFICIAL_SIMTX_ENSMUSG00000002031.10_iso3	ENSMUSG00000002031.10	Ift46	protein_coding	chr9	+	44789891	44789976	FALSE	none	none	none	0	44790485	44792714	TRUE	MER21B,RSINE1	LTR,SINE	ERVL,B4	160	host_to_TE	44789976	44790485
OFFICIAL_SIMTX_ENSMUSG00000002699.11_iso3	ENSMUSG00000002699.11	Lcp2	protein_coding	chr11	+	34089525	34089680	FALSE	none	none	none	0	34090565	34092295	TRUE	Tigger5b	DNA	TcMar-Tigger	279	host_to_TE	34089680	34090565
OFFICIAL_SIMTX_ENSMUSG00000003135.14_iso1	ENSMUSG00000003135.14	Cnot11	protein_coding	chr1	+	39544892	39544988	FALSE	none	none	none	0	39545069	39546889	TRUE	Lx3C	LINE	L1	379	host_to_TE	39544988	39545069
OFFICIAL_SIMTX_ENSMUSG00000003135.14_iso2	ENSMUSG00000003135.14	Cnot11	protein_coding	chr1	+	39544892	39544988	FALSE	none	none	none	0	39545069	39546873	TRUE	Lx3C	LINE	L1	367	host_to_TE	39544988	39545069
OFFICIAL_SIMTX_ENSMUSG00000003135.14_iso3	ENSMUSG00000003135.14	Cnot11	protein_coding	chr1	+	39544892	39544988	FALSE	none	none	none	0	39545069	39546873	TRUE	Lx3C	LINE	L1	367	host_to_TE	39544988	39545069
OFFICIAL_SIMTX_ENSMUSG00000003452.14_iso1	ENSMUSG00000003452.14	Bicd1	protein_coding	chr6	+	149545882	149550425	TRUE	ID4_,B1_Mm,B3	SINE	ID,Alu,B2	211	149556644	149557819	FALSE	none	none	none	0	TE_to_host	149550425	149556644
OFFICIAL_SIMTX_ENSMUSG00000003865.13_iso2	ENSMUSG00000003865.13	Gys1	protein_coding	chr7	+	45451751	45451914	FALSE	none	none	none	0	45451751	45452116	TRUE	B1_Mur3	SINE	Alu	141	host_to_TE	45451914	45451751
OFFICIAL_SIMTX_ENSMUSG00000003865.13_iso2	ENSMUSG00000003865.13	Gys1	protein_coding	chr7	+	45451751	45452116	TRUE	B1_Mur3	SINE	Alu	141	45455041	45455847	FALSE	none	none	none	0	TE_to_host	45452116	45455041
OFFICIAL_SIMTX_ENSMUSG00000003865.13_iso2	ENSMUSG00000003865.13	Gys1	protein_coding	chr7	+	45455041	45455847	FALSE	none	none	none	0	45455041	45456619	TRUE	ID_B1	SINE	B4	212	host_to_TE	45455847	45455041
OFFICIAL_SIMTX_ENSMUSG00000003949.15_iso1	ENSMUSG00000003949.15	Hlf	protein_coding	chr11	-	90387786	90388121	FALSE	none	none	none	0	90339142	90340974	TRUE	RLTR17B_Mm	LTR	ERVK	154	host_to_TE	90387786	90340974
OFFICIAL_SIMTX_ENSMUSG00000003949.15_iso3	ENSMUSG00000003949.15	Hlf	protein_coding	chr11	-	90381409	90381935	TRUE	MIRb	SINE	MIR	55	90345758	90345978	FALSE	none	none	none	0	TE_to_host	90381409	90345978
OFFICIAL_SIMTX_ENSMUSG00000003949.15_iso3	ENSMUSG00000003949.15	Hlf	protein_coding	chr11	-	90345548	90345978	FALSE	none	none	none	0	90339142	90340974	TRUE	RLTR17B_Mm	LTR	ERVK	154	host_to_TE	90345548	90340974
OFFICIAL_SIMTX_ENSMUSG00000004561.13_iso2	ENSMUSG00000004561.13	Mettl17	protein_coding	chr14	+	51888742	51888836	FALSE	none	none	none	0	51888742	51889635	TRUE	MT2B2,B1F1,ID_B1	LTR,SINE	ERVL,Alu,B4	98	host_to_TE	51888836	51888742
OFFICIAL_SIMTX_ENSMUSG00000004561.13_iso2	ENSMUSG00000004561.13	Mettl17	protein_coding	chr14	+	51888742	51889635	TRUE	MT2B2,B1F1,ID_B1	LTR,SINE	ERVL,Alu,B4	98	51890678	51890728	FALSE	none	none	none	0	TE_to_host	51889635	51890678
OFFICIAL_SIMTX_ENSMUSG00000004748.5_iso1	ENSMUSG00000004748.5	Mtfp1	protein_coding	chr11	-	4094814	4095140	TRUE	MIRc	SINE	MIR	37	4091480	4092299	FALSE	none	none	none	0	TE_to_host	4094814	4092299
OFFICIAL_SIMTX_ENSMUSG00000004748.5_iso2	ENSMUSG00000004748.5	Mtfp1	protein_coding	chr11	-	4094814	4095140	TRUE	MIRc	SINE	MIR	37	4094434	4094516	FALSE	none	none	none	0	TE_to_host	4094814	4094516
OFFICIAL_SIMTX_ENSMUSG00000004748.5_iso3	ENSMUSG00000004748.5	Mtfp1	protein_coding	chr11	-	4095216	4095445	FALSE	none	none	none	0	4094814	4095140	TRUE	MIRc	SINE	MIR	37	host_to_TE	4095216	4095140
OFFICIAL_SIMTX_ENSMUSG00000004748.5_iso3	ENSMUSG00000004748.5	Mtfp1	protein_coding	chr11	-	4094814	4095140	TRUE	MIRc	SINE	MIR	37	4094389	4094516	FALSE	none	none	none	0	TE_to_host	4094814	4094516
OFFICIAL_SIMTX_ENSMUSG00000005378.16_iso1	ENSMUSG00000005378.16	Wbscr22	protein_coding	chr5	-	135057620	135057670	FALSE	none	none	none	0	135056028	135056727	TRUE	B4	SINE	B4	180	host_to_TE	135057620	135056727
OFFICIAL_SIMTX_ENSMUSG00000005779.11_iso1	ENSMUSG00000005779.11	Psmb4	protein_coding	chr3	-	94884671	94884843	TRUE	PB1D9	SINE	Alu	61	94884322	94884440	FALSE	none	none	none	0	TE_to_host	94884671	94884440
OFFICIAL_SIMTX_ENSMUSG00000005779.11_iso2	ENSMUSG00000005779.11	Psmb4	protein_coding	chr3	-	94885307	94885955	TRUE	RSINE1,PB1D10	SINE	B4,Alu	125	94884917	94885033	FALSE	none	none	none	0	TE_to_host	94885307	94885033
OFFICIAL_SIMTX_ENSMUSG00000005779.11_iso2	ENSMUSG00000005779.11	Psmb4	protein_coding	chr3	-	94884917	94885033	FALSE	none	none	none	0	94884671	94884843	TRUE	PB1D9	SINE	Alu	61	host_to_TE	94884917	94884843
OFFICIAL_SIMTX_ENSMUSG00000005779.11_iso2	ENSMUSG00000005779.11	Psmb4	protein_coding	chr3	-	94884671	94884843	TRUE	PB1D9	SINE	Alu	61	94884671	94884759	FALSE	none	none	none	0	TE_to_host	94884671	94884759
OFFICIAL_SIMTX_ENSMUSG00000005779.11_iso3	ENSMUSG00000005779.11	Psmb4	protein_coding	chr3	-	94884671	94884843	TRUE	PB1D9	SINE	Alu	61	94884093	94884440	FALSE	none	none	none	0	TE_to_host	94884671	94884440
OFFICIAL_SIMTX_ENSMUSG00000005886.13_iso1	ENSMUSG00000005886.13	Ncoa2	protein_coding	chr1	-	13186733	13186910	FALSE	none	none	none	0	13182284	13184363	TRUE	B1F2,ID_B1	SINE	Alu,B4	140	host_to_TE	13186733	13184363
OFFICIAL_SIMTX_ENSMUSG00000005886.13_iso1	ENSMUSG00000005886.13	Ncoa2	protein_coding	chr1	-	13182284	13184363	TRUE	B1F2,ID_B1	SINE	Alu,B4	140	13148931	13149108	FALSE	none	none	none	0	TE_to_host	13182284	13149108
OFFICIAL_SIMTX_ENSMUSG00000005897.13_iso2	ENSMUSG00000005897.13	Nr2c1	protein_coding	chr10	+	94156286	94156979	TRUE	B4A,URR1A	SINE,DNA	B4,hAT-Charlie	194	94165418	94165597	FALSE	none	none	none	0	TE_to_host	94156979	94165418
OFFICIAL_SIMTX_ENSMUSG00000005897.13_iso3	ENSMUSG00000005897.13	Nr2c1	protein_coding	chr10	+	94156286	94156979	TRUE	B4A,URR1A	SINE,DNA	B4,hAT-Charlie	194	94167410	94167557	FALSE	none	none	none	0	TE_to_host	94156979	94167410
OFFICIAL_SIMTX_ENSMUSG00000005907.13_iso2	ENSMUSG00000005907.13	Pex1	protein_coding	chr5	+	3624067	3624469	TRUE	PB1D9	SINE	Alu	111	3626000	3626134	FALSE	none	none	none	0	TE_to_host	3624469	3626000
OFFICIAL_SIMTX_ENSMUSG00000006403.11_iso2	ENSMUSG00000006403.11	Adamts4	protein_coding	chr1	+	171256955	171257130	FALSE	none	none	none	0	171258752	171260637	TRUE	MIRb,MIRc	SINE	MIR	139	host_to_TE	171257130	171258752
OFFICIAL_SIMTX_ENSMUSG00000006575.13_iso1	ENSMUSG00000006575.13	Rundc3a	protein_coding	chr11	+	102400661	102400798	FALSE	none	none	none	0	102401389	102401754	TRUE	L4_A_Mam,L2c	LINE	RTE-X,L2	196	host_to_TE	102400798	102401389
OFFICIAL_SIMTX_ENSMUSG00000006920.13_iso2	ENSMUSG00000006920.13	Ezh1	protein_coding	chr11	-	101194468	101194549	FALSE	none	none	none	0	101193726	101194422	TRUE	PB1D7	SINE	Alu	100	host_to_TE	101194468	101194422
OFFICIAL_SIMTX_ENSMUSG00000006920.13_iso2	ENSMUSG00000006920.13	Ezh1	protein_coding	chr11	-	101193726	101194422	TRUE	PB1D7	SINE	Alu	100	101193275	101193303	FALSE	none	none	none	0	TE_to_host	101193726	101193303
OFFICIAL_SIMTX_ENSMUSG00000006958.12_iso1	ENSMUSG00000006958.12	Chrd	protein_coding	chr16	+	20734273	20734401	FALSE	none	none	none	0	20737342	20738152	TRUE	B3	SINE	B2	169	host_to_TE	20734401	20737342
OFFICIAL_SIMTX_ENSMUSG00000006958.12_iso1	ENSMUSG00000006958.12	Chrd	protein_coding	chr16	+	20737342	20738152	TRUE	B3	SINE	B2	169	20741190	20741344	FALSE	none	none	none	0	TE_to_host	20738152	20741190
OFFICIAL_SIMTX_ENSMUSG00000008730.16_iso1	ENSMUSG00000008730.16	Hipk1	protein_coding	chr3	-	103748114	103751065	TRUE	B1_Mur1	SINE	Alu	139	103746795	103747036	FALSE	none	none	none	0	TE_to_host	103748114	103747036
OFFICIAL_SIMTX_ENSMUSG00000008845.8_iso1	ENSMUSG00000008845.8	Cd163	protein_coding	chr6	+	124328962	124329097	FALSE	none	none	none	0	124329583	124330519	TRUE	B2_Mm2	SINE	B2	167	host_to_TE	124329097	124329583
OFFICIAL_SIMTX_ENSMUSG00000009905.5_iso1	ENSMUSG00000009905.5	Kdsr	protein_coding	chr1	-	106734547	106734630	FALSE	none	none	none	0	106720459	106725021	TRUE	ID4,B1_Mus2	SINE	ID,Alu	151	host_to_TE	106734547	106725021
OFFICIAL_SIMTX_ENSMUSG00000009905.5_iso3	ENSMUSG00000009905.5	Kdsr	protein_coding	chr1	-	106747488	106747583	FALSE	none	none	none	0	106720459	106725021	TRUE	ID4,B1_Mus2	SINE	ID,Alu	151	host_to_TE	106747488	106725021
OFFICIAL_SIMTX_ENSMUSG00000014402.13_iso1	ENSMUSG00000014402.13	Tsg101	protein_coding	chr7	-	46914207	46914410	TRUE	B1_Mus1	SINE	Alu	90	46913378	46913462	FALSE	none	none	none	0	TE_to_host	46914207	46913462
OFFICIAL_SIMTX_ENSMUSG00000014402.13_iso2	ENSMUSG00000014402.13	Tsg101	protein_coding	chr7	-	46890591	46890703	FALSE	none	none	none	0	46888949	46889704	TRUE	B3A	SINE	B2	140	host_to_TE	46890591	46889704
OFFICIAL_SIMTX_ENSMUSG00000015214.13_iso3	ENSMUSG00000015214.13	Mtmr1	protein_coding	chrX	+	71410733	71410846	FALSE	none	none	none	0	71416563	71419196	TRUE	B1F	SINE	Alu	94	host_to_TE	71410846	71416563
OFFICIAL_SIMTX_ENSMUSG00000015697.13_iso1	ENSMUSG00000015697.13	Setdb1	protein_coding	chr3	-	95341656	95341846	FALSE	none	none	none	0	95323525	95324190	TRUE	AmnSINE1	SINE	Deu	115	host_to_TE	95341656	95324190
OFFICIAL_SIMTX_ENSMUSG00000015697.13_iso2	ENSMUSG00000015697.13	Setdb1	protein_coding	chr3	-	95327208	95327836	FALSE	none	none	none	0	95323525	95324190	TRUE	AmnSINE1	SINE	Deu	115	host_to_TE	95327208	95324190
OFFICIAL_SIMTX_ENSMUSG00000015733.12_iso1	ENSMUSG00000015733.12	Capza2	protein_coding	chr6	+	17650003	17650054	FALSE	none	none	none	0	17656238	17659609	TRUE	PB1D10	SINE	Alu	110	host_to_TE	17650054	17656238
OFFICIAL_SIMTX_ENSMUSG00000015733.12_iso1	ENSMUSG00000015733.12	Capza2	protein_coding	chr6	+	17656238	17659609	TRUE	PB1D10	SINE	Alu	110	17657173	17657252	FALSE	none	none	none	0	TE_to_host	17659609	17657173
OFFICIAL_SIMTX_ENSMUSG00000015968.15_iso1	ENSMUSG00000015968.15	Cacna1d	protein_coding	chr14	-	30352925	30353486	TRUE	L2b	LINE	L2	56	30196724	30196863	FALSE	none	none	none	0	TE_to_host	30352925	30196863
OFFICIAL_SIMTX_ENSMUSG00000018651.13_iso1	ENSMUSG00000018651.13	Tada2a	protein_coding	chr11	-	84087111	84087460	TRUE	B1_Mur4	SINE	Alu	61	84082879	84082956	FALSE	none	none	none	0	TE_to_host	84087111	84082956
OFFICIAL_SIMTX_ENSMUSG00000018651.13_iso2	ENSMUSG00000018651.13	Tada2a	protein_coding	chr11	-	84087111	84087512	TRUE	B1_Mur4	SINE	Alu	61	84085431	84085771	FALSE	none	none	none	0	TE_to_host	84087111	84085771
OFFICIAL_SIMTX_ENSMUSG00000018819.9_iso3	ENSMUSG00000018819.9	Lsp1	protein_coding	chr7	+	142484479	142484625	FALSE	none	none	none	0	142486347	142488371	TRUE	RSINE1	SINE	B4	116	host_to_TE	142484625	142486347
OFFICIAL_SIMTX_ENSMUSG00000018819.9_iso3	ENSMUSG00000018819.9	Lsp1	protein_coding	chr7	+	142486347	142488371	TRUE	RSINE1	SINE	B4	116	142488866	142488940	FALSE	none	none	none	0	TE_to_host	142488371	142488866
OFFICIAL_SIMTX_ENSMUSG00000019232.13_iso2	ENSMUSG00000019232.13	Etnppl	protein_coding	chr3	+	130617572	130621628	TRUE	B1_Mur4	SINE	Alu	156	130625468	130625558	FALSE	none	none	none	0	TE_to_host	130621628	130625468
OFFICIAL_SIMTX_ENSMUSG00000019232.13_iso2	ENSMUSG00000019232.13	Etnppl	protein_coding	chr3	+	130631329	130631418	FALSE	none	none	none	0	130634549	130637521	TRUE	B4A,B3	SINE	B4,B2	155	host_to_TE	130631418	130634549
OFFICIAL_SIMTX_ENSMUSG00000019232.13_iso3	ENSMUSG00000019232.13	Etnppl	protein_coding	chr3	+	130617572	130621628	TRUE	B1_Mur4	SINE	Alu	156	130625468	130625558	FALSE	none	none	none	0	TE_to_host	130621628	130625468
OFFICIAL_SIMTX_ENSMUSG00000019806.12_iso1	ENSMUSG00000019806.12	Aig1	protein_coding	chr10	-	13861119	13861326	FALSE	none	none	none	0	13855136	13855260	TRUE	ORR1E	LTR	ERVL-MaLR	33	host_to_TE	13861119	13855260
OFFICIAL_SIMTX_ENSMUSG00000019806.12_iso1	ENSMUSG00000019806.12	Aig1	protein_coding	chr10	-	13855136	13855260	TRUE	ORR1E	LTR	ERVL-MaLR	33	13829243	13829398	FALSE	none	none	none	0	TE_to_host	13855136	13829398
OFFICIAL_SIMTX_ENSMUSG00000020325.10_iso3	ENSMUSG00000020325.10	Fstl3	protein_coding	chr10	+	79781124	79781351	FALSE	none	none	none	0	79781432	79782630	TRUE	ID_B1	SINE	B4	221	host_to_TE	79781351	79781432
OFFICIAL_SIMTX_ENSMUSG00000020389.17_iso3	ENSMUSG00000020389.17	Cdkl3	protein_coding	chr11	+	52033514	52033611	FALSE	none	none	none	0	52084371	52085109	TRUE	MLT1G,PB1D7	LTR,SINE	ERVL-MaLR,Alu	150	host_to_TE	52033611	52084371
OFFICIAL_SIMTX_ENSMUSG00000020516.14_iso2	ENSMUSG00000020516.14	Rps6kb1	protein_coding	chr11	-	86513300	86513390	FALSE	none	none	none	0	86498871	86502962	TRUE	B2_Mm2	SINE	B2	188	host_to_TE	86513300	86502962
OFFICIAL_SIMTX_ENSMUSG00000020532.17_iso1	ENSMUSG00000020532.17	Acaca	protein_coding	chr11	+	84129700	84133111	TRUE	PB1D7,PB1D10,B4A,B1F2,B3,MER94	SINE,DNA	Alu,B4,B2,hAT-Blackjack	237	84179831	84179926	FALSE	none	none	none	0	TE_to_host	84133111	84179831
OFFICIAL_SIMTX_ENSMUSG00000020532.17_iso3	ENSMUSG00000020532.17	Acaca	protein_coding	chr11	+	84129700	84133111	TRUE	PB1D7,PB1D10,B4A,B1F2,B3,MER94	SINE,DNA	Alu,B4,B2,hAT-Blackjack	237	84224444	84224525	FALSE	none	none	none	0	TE_to_host	84133111	84224444
OFFICIAL_SIMTX_ENSMUSG00000020629.11_iso1	ENSMUSG00000020629.11	Adi1	protein_coding	chr12	+	28679390	28679737	FALSE	none	none	none	0	28680966	28682175	TRUE	LTRIS_Mus	LTR	ERV1	521	host_to_TE	28679737	28680966
OFFICIAL_SIMTX_ENSMUSG00000020629.11_iso2	ENSMUSG00000020629.11	Adi1	protein_coding	chr12	+	28679390	28679569	FALSE	none	none	none	0	28680966	28682175	TRUE	LTRIS_Mus	LTR	ERV1	521	host_to_TE	28679569	28680966
OFFICIAL_SIMTX_ENSMUSG00000020707.6_iso2	ENSMUSG00000020707.6	Rnf135	protein_coding	chr11	+	80196873	80196947	FALSE	none	none	none	0	80198561	80199757	TRUE	B4A,B1_Mur1,MER77	SINE,LTR	B4,Alu,ERVL	426	host_to_TE	80196947	80198561
OFFICIAL_SIMTX_ENSMUSG00000020804.11_iso2	ENSMUSG00000020804.11	Aanat	protein_coding	chr11	+	116586432	116586481	TRUE	MTC	LTR	ERVL-MaLR	50	116593687	116593774	FALSE	none	none	none	0	TE_to_host	116586481	116593687
OFFICIAL_SIMTX_ENSMUSG00000020978.9_iso2	ENSMUSG00000020978.9	Klhdc2	protein_coding	chr12	+	69300216	69300295	FALSE	none	none	none	0	69305783	69308694	TRUE	PB1D10,B2_Mm2	SINE	Alu,B2	98	host_to_TE	69300295	69305783
OFFICIAL_SIMTX_ENSMUSG00000021040.14_iso1	ENSMUSG00000021040.14	Slirp	protein_coding	chr12	+	87449804	87449924	FALSE	none	none	none	0	87449804	87452206	TRUE	B1_Mur2,Lx8b,B4A	SINE,LINE	Alu,L1,B4	292	host_to_TE	87449924	87449804
OFFICIAL_SIMTX_ENSMUSG00000021210.14_iso1	ENSMUSG00000021210.14	Akr1c6	protein_coding	chr13	+	4434432	4434474	FALSE	none	none	none	0	4434728	4435046	TRUE	MTC	LTR	ERVL-MaLR	214	host_to_TE	4434474	4434728
OFFICIAL_SIMTX_ENSMUSG00000021210.14_iso1	ENSMUSG00000021210.14	Akr1c6	protein_coding	chr13	+	4434728	4435046	TRUE	MTC	LTR	ERVL-MaLR	214	4436280	4436447	FALSE	none	none	none	0	TE_to_host	4435046	4436280
OFFICIAL_SIMTX_ENSMUSG00000021668.13_iso2	ENSMUSG00000021668.13	Polk	protein_coding	chr13	-	96482458	96482491	FALSE	none	none	none	0	96480689	96482254	TRUE	B1_Mus1	SINE	Alu	156	host_to_TE	96482458	96482254
OFFICIAL_SIMTX_ENSMUSG00000021867.15_iso2	ENSMUSG00000021867.15	Tmem254b	protein_coding	chr14	-	26204891	26205157	FALSE	none	none	none	0	26203539	26204276	TRUE	ORR1B1	LTR	ERVL-MaLR	283	host_to_TE	26204891	26204276
OFFICIAL_SIMTX_ENSMUSG00000021880.6_iso1	ENSMUSG00000021880.6	Rnase6	protein_coding	chr14	+	51129068	51129164	FALSE	none	none	none	0	51130148	51131122	TRUE	ID	SINE	ID	61	host_to_TE	51129164	51130148
OFFICIAL_SIMTX_ENSMUSG00000021880.6_iso2	ENSMUSG00000021880.6	Rnase6	protein_coding	chr14	+	51129068	51129164	FALSE	none	none	none	0	51130148	51131122	TRUE	ID	SINE	ID	61	host_to_TE	51129164	51130148
OFFICIAL_SIMTX_ENSMUSG00000022292.14_iso3	ENSMUSG00000022292.14	Rrm2b	protein_coding	chr15	-	37953599	37955138	TRUE	B2_Mm1a	SINE	B2	192	37945039	37945172	FALSE	none	none	none	0	TE_to_host	37953599	37945172
OFFICIAL_SIMTX_ENSMUSG00000022304.11_iso1	ENSMUSG00000022304.11	Dpys	protein_coding	chr15	-	39782705	39782971	FALSE	none	none	none	0	39768485	39769258	TRUE	MIR	SINE	MIR	44	host_to_TE	39782705	39769258
OFFICIAL_SIMTX_ENSMUSG00000022494.12_iso2	ENSMUSG00000022494.12	Shisa9	protein_coding	chr16	+	11984581	11985143	FALSE	none	none	none	0	11989993	11990084	TRUE	MIR	SINE	MIR	9	host_to_TE	11985143	11989993
OFFICIAL_SIMTX_ENSMUSG00000022494.12_iso2	ENSMUSG00000022494.12	Shisa9	protein_coding	chr16	+	11989993	11990084	TRUE	MIR	SINE	MIR	9	12244608	12244763	FALSE	none	none	none	0	TE_to_host	11990084	12244608
OFFICIAL_SIMTX_ENSMUSG00000022494.12_iso3	ENSMUSG00000022494.12	Shisa9	protein_coding	chr16	+	11984581	11985143	FALSE	none	none	none	0	11995283	11995390	TRUE	L2a	LINE	L2	108	host_to_TE	11985143	11995283
OFFICIAL_SIMTX_ENSMUSG00000022494.12_iso3	ENSMUSG00000022494.12	Shisa9	protein_coding	chr16	+	11995283	11995390	TRUE	L2a	LINE	L2	108	11997053	11997180	FALSE	none	none	none	0	TE_to_host	11995390	11997053
OFFICIAL_SIMTX_ENSMUSG00000022508.5_iso1	ENSMUSG00000022508.5	Bcl6	protein_coding	chr16	-	23969906	23970073	FALSE	none	none	none	0	23968307	23971599	TRUE	URR1B,URR1A	DNA	hAT-Charlie	235	host_to_TE	23969906	23971599
OFFICIAL_SIMTX_ENSMUSG00000022508.5_iso1	ENSMUSG00000022508.5	Bcl6	protein_coding	chr16	-	23968307	23971599	TRUE	URR1B,URR1A	DNA	hAT-Charlie	235	23968060	23968197	FALSE	none	none	none	0	TE_to_host	23968307	23968197
OFFICIAL_SIMTX_ENSMUSG00000022508.5_iso2	ENSMUSG00000022508.5	Bcl6	protein_coding	chr16	-	23971415	23971599	FALSE	none	none	none	0	23968307	23971599	TRUE	URR1B,URR1A	DNA	hAT-Charlie	235	host_to_TE	23971415	23971599
OFFICIAL_SIMTX_ENSMUSG00000022508.5_iso2	ENSMUSG00000022508.5	Bcl6	protein_coding	chr16	-	23968307	23971599	TRUE	URR1B,URR1A	DNA	hAT-Charlie	235	23967694	23968197	FALSE	none	none	none	0	TE_to_host	23968307	23968197
OFFICIAL_SIMTX_ENSMUSG00000022659.12_iso1	ENSMUSG00000022659.12	Gcsam	protein_coding	chr16	+	45618818	45618846	FALSE	none	none	none	0	45619824	45621239	TRUE	MER58A	DNA	hAT-Charlie	62	host_to_TE	45618846	45619824
OFFICIAL_SIMTX_ENSMUSG00000022659.12_iso2	ENSMUSG00000022659.12	Gcsam	protein_coding	chr16	+	45618818	45618846	FALSE	none	none	none	0	45619824	45622867	TRUE	MER58A,ID4_	DNA,SINE	hAT-Charlie,ID	194	host_to_TE	45618846	45619824
OFFICIAL_SIMTX_ENSMUSG00000022659.12_iso3	ENSMUSG00000022659.12	Gcsam	protein_coding	chr16	+	45618818	45618846	FALSE	none	none	none	0	45619824	45621239	TRUE	MER58A	DNA	hAT-Charlie	62	host_to_TE	45618846	45619824
OFFICIAL_SIMTX_ENSMUSG00000022677.13_iso1	ENSMUSG00000022677.13	Fopnl	protein_coding	chr16	-	14313816	14314013	FALSE	none	none	none	0	14299442	14300209	TRUE	MTD	LTR	ERVL-MaLR	135	host_to_TE	14313816	14300209
OFFICIAL_SIMTX_ENSMUSG00000022677.13_iso2	ENSMUSG00000022677.13	Fopnl	protein_coding	chr16	-	14304454	14304564	FALSE	none	none	none	0	14299244	14300209	TRUE	MTD	LTR	ERVL-MaLR	333	host_to_TE	14304454	14300209
OFFICIAL_SIMTX_ENSMUSG00000022677.13_iso3	ENSMUSG00000022677.13	Fopnl	protein_coding	chr16	-	14313816	14314013	FALSE	none	none	none	0	14299442	14300209	TRUE	MTD	LTR	ERVL-MaLR	135	host_to_TE	14313816	14300209
OFFICIAL_SIMTX_ENSMUSG00000022761.9_iso1	ENSMUSG00000022761.9	Lztr1	protein_coding	chr16	+	17525253	17525344	FALSE	none	none	none	0	17525423	17526331	TRUE	LTR10_RN	LTR	ERVK	303	host_to_TE	17525344	17525423
OFFICIAL_SIMTX_ENSMUSG00000022849.4_iso1	ENSMUSG00000022849.4	Hspbap1	protein_coding	chr16	+	35818679	35818762	FALSE	none	none	none	0	35824883	35828446	TRUE	RMER6BA	LTR	ERVK	34	host_to_TE	35818762	35824883
OFFICIAL_SIMTX_ENSMUSG00000022849.4_iso2	ENSMUSG00000022849.4	Hspbap1	protein_coding	chr16	+	35818679	35818762	FALSE	none	none	none	0	35824883	35828446	TRUE	RMER6BA	LTR	ERVK	34	host_to_TE	35818762	35824883
OFFICIAL_SIMTX_ENSMUSG00000022849.4_iso3	ENSMUSG00000022849.4	Hspbap1	protein_coding	chr16	+	35824689	35824799	FALSE	none	none	none	0	35824883	35828446	TRUE	RMER6BA	LTR	ERVK	34	host_to_TE	35824799	35824883
OFFICIAL_SIMTX_ENSMUSG00000022941.8_iso1	ENSMUSG00000022941.8	Ripply3	protein_coding	chr16	+	94333256	94333323	FALSE	none	none	none	0	94335727	94336935	TRUE	B2_Mm2	SINE	B2	192	host_to_TE	94333323	94335727
OFFICIAL_SIMTX_ENSMUSG00000023918.11_iso2	ENSMUSG00000023918.11	Adgrf4	protein_coding	chr17	-	42657091	42657602	FALSE	none	none	none	0	42656894	42657602	TRUE	MIRc	SINE	MIR	75	host_to_TE	42657091	42657602
OFFICIAL_SIMTX_ENSMUSG00000023993.6_iso1	ENSMUSG00000023993.6	Treml1	protein_coding	chr17	+	48365996	48366048	FALSE	none	none	none	0	48366620	48367174	TRUE	RLTR17B_Mm	LTR	ERVK	11	host_to_TE	48366048	48366620
OFFICIAL_SIMTX_ENSMUSG00000023993.6_iso2	ENSMUSG00000023993.6	Treml1	protein_coding	chr17	+	48365996	48366048	FALSE	none	none	none	0	48366620	48367174	TRUE	RLTR17B_Mm	LTR	ERVK	11	host_to_TE	48366048	48366620
OFFICIAL_SIMTX_ENSMUSG00000023993.6_iso3	ENSMUSG00000023993.6	Treml1	protein_coding	chr17	+	48365996	48366048	FALSE	none	none	none	0	48366620	48367174	TRUE	RLTR17B_Mm	LTR	ERVK	11	host_to_TE	48366048	48366620
OFFICIAL_SIMTX_ENSMUSG00000024054.12_iso1	ENSMUSG00000024054.12	Smchd1	protein_coding	chr17	-	71393905	71394724	TRUE	B1_Mm	SINE	Alu	136	71370224	71370355	FALSE	none	none	none	0	TE_to_host	71393905	71370355
OFFICIAL_SIMTX_ENSMUSG00000024054.12_iso3	ENSMUSG00000024054.12	Smchd1	protein_coding	chr17	-	71391352	71391727	TRUE	ID_B1	SINE	B4	131	71358348	71358457	FALSE	none	none	none	0	TE_to_host	71391352	71358457
OFFICIAL_SIMTX_ENSMUSG00000024054.12_iso3	ENSMUSG00000024054.12	Smchd1	protein_coding	chr17	-	71358137	71358207	FALSE	none	none	none	0	71350877	71353386	TRUE	ID4,PB1	SINE	ID,Alu	79	host_to_TE	71358137	71353386
OFFICIAL_SIMTX_ENSMUSG00000024170.14_iso1	ENSMUSG00000024170.14	Telo2	protein_coding	chr17	-	25106989	25108150	TRUE	B3A,PB1D7	SINE	B2,Alu	122	25105989	25106068	FALSE	none	none	none	0	TE_to_host	25106989	25106068
OFFICIAL_SIMTX_ENSMUSG00000024170.14_iso2	ENSMUSG00000024170.14	Telo2	protein_coding	chr17	-	25101640	25101704	FALSE	none	none	none	0	25100766	25101414	TRUE	B2_Mm1t,B1_Mur1	SINE	B2,Alu	169	host_to_TE	25101640	25101414
OFFICIAL_SIMTX_ENSMUSG00000024810.15_iso2	ENSMUSG00000024810.15	Il33	protein_coding	chr19	+	29951816	29952101	TRUE	MTEa	LTR	ERVL-MaLR	18	29954543	29954668	FALSE	none	none	none	0	TE_to_host	29952101	29954543
OFFICIAL_SIMTX_ENSMUSG00000024810.15_iso3	ENSMUSG00000024810.15	Il33	protein_coding	chr19	+	29945790	29945858	FALSE	none	none	none	0	29952730	29952840	TRUE	Charlie17b	DNA	hAT-Charlie	18	host_to_TE	29945858	29952730
OFFICIAL_SIMTX_ENSMUSG00000024810.15_iso3	ENSMUSG00000024810.15	Il33	protein_coding	chr19	+	29952730	29952840	TRUE	Charlie17b	DNA	hAT-Charlie	18	29955201	29955251	FALSE	none	none	none	0	TE_to_host	29952840	29955201
OFFICIAL_SIMTX_ENSMUSG00000025104.12_iso1	ENSMUSG00000025104.12	Hdgfrp3	protein_coding	chr7	-	81900285	81900423	FALSE	none	none	none	0	81897811	81899829	TRUE	Lx8,ID_B1	LINE,SINE	L1,B4	158	host_to_TE	81900285	81899829
OFFICIAL_SIMTX_ENSMUSG00000025104.12_iso1	ENSMUSG00000025104.12	Hdgfrp3	protein_coding	chr7	-	81897811	81899829	TRUE	Lx8,ID_B1	LINE,SINE	L1,B4	158	81893799	81893945	FALSE	none	none	none	0	TE_to_host	81897811	81893945
OFFICIAL_SIMTX_ENSMUSG00000025104.12_iso1	ENSMUSG00000025104.12	Hdgfrp3	protein_coding	chr7	-	81893799	81893945	FALSE	none	none	none	0	81881251	81886083	TRUE	L2c,L1MC	LINE	L2,L1	198	host_to_TE	81893799	81886083
OFFICIAL_SIMTX_ENSMUSG00000025135.11_iso1	ENSMUSG00000025135.11	Anapc11	protein_coding	chr11	+	120599242	120599368	FALSE	none	none	none	0	120599242	120600688	TRUE	B1_Mus1,B1F2,B1_Mus2,ID_B1,PB1D9,B1F1	SINE	Alu,B4	145	host_to_TE	120599368	120599242
OFFICIAL_SIMTX_ENSMUSG00000025135.11_iso1	ENSMUSG00000025135.11	Anapc11	protein_coding	chr11	+	120599242	120600688	TRUE	B1_Mus1,B1F2,B1_Mus2,ID_B1,PB1D9,B1F1	SINE	Alu,B4	145	120605281	120605492	FALSE	none	none	none	0	TE_to_host	120600688	120605281
OFFICIAL_SIMTX_ENSMUSG00000025135.11_iso1	ENSMUSG00000025135.11	Anapc11	protein_coding	chr11	+	120605281	120605492	FALSE	none	none	none	0	120605281	120608198	TRUE	PB1D7,MTC	SINE,LTR	Alu,ERVL-MaLR	239	host_to_TE	120605492	120605281
OFFICIAL_SIMTX_ENSMUSG00000025135.11_iso3	ENSMUSG00000025135.11	Anapc11	protein_coding	chr11	+	120599242	120599368	FALSE	none	none	none	0	120599242	120600688	TRUE	B1_Mus1,B1F2,B1_Mus2,ID_B1,PB1D9,B1F1	SINE	Alu,B4	145	host_to_TE	120599368	120599242
OFFICIAL_SIMTX_ENSMUSG00000025135.11_iso3	ENSMUSG00000025135.11	Anapc11	protein_coding	chr11	+	120599242	120600688	TRUE	B1_Mus1,B1F2,B1_Mus2,ID_B1,PB1D9,B1F1	SINE	Alu,B4	145	120603944	120604185	FALSE	none	none	none	0	TE_to_host	120600688	120603944
OFFICIAL_SIMTX_ENSMUSG00000025170.12_iso1	ENSMUSG00000025170.12	Rab40b	protein_coding	chr11	-	121358002	121358082	FALSE	none	none	none	0	121356125	121357308	TRUE	B1F1	SINE	Alu	137	host_to_TE	121358002	121357308
OFFICIAL_SIMTX_ENSMUSG00000025203.5_iso1	ENSMUSG00000025203.5	Scd2	protein_coding	chr19	+	44299609	44299814	FALSE	none	none	none	0	44303001	44306864	TRUE	PB1D9,MIRb	SINE	Alu,MIR	119	host_to_TE	44299814	44303001
OFFICIAL_SIMTX_ENSMUSG00000025203.5_iso2	ENSMUSG00000025203.5	Scd2	protein_coding	chr19	+	44301212	44301444	FALSE	none	none	none	0	44303001	44306864	TRUE	PB1D9,MIRb	SINE	Alu,MIR	119	host_to_TE	44301444	44303001
OFFICIAL_SIMTX_ENSMUSG00000025396.6_iso1	ENSMUSG00000025396.6	Hsd17b6	protein_coding	chr10	-	128000562	128000678	TRUE	MT2A	LTR	ERVL	84	127994329	127994587	FALSE	none	none	none	0	TE_to_host	128000562	127994587
OFFICIAL_SIMTX_ENSMUSG00000025396.6_iso2	ENSMUSG00000025396.6	Hsd17b6	protein_coding	chr10	-	128000562	128000678	TRUE	MT2A	LTR	ERVL	84	127993596	127993759	FALSE	none	none	none	0	TE_to_host	128000562	127993759
OFFICIAL_SIMTX_ENSMUSG00000025572.16_iso2	ENSMUSG00000025572.16	Tmc6	protein_coding	chr11	-	117775589	117775846	FALSE	none	none	none	0	117775357	117775846	TRUE	URR1A	DNA	hAT-Charlie	96	host_to_TE	117775589	117775846
OFFICIAL_SIMTX_ENSMUSG00000025572.16_iso2	ENSMUSG00000025572.16	Tmc6	protein_coding	chr11	-	117775357	117775846	TRUE	URR1A	DNA	hAT-Charlie	96	117773363	117773518	FALSE	none	none	none	0	TE_to_host	117775357	117773518
OFFICIAL_SIMTX_ENSMUSG00000025572.16_iso3	ENSMUSG00000025572.16	Tmc6	protein_coding	chr11	-	117770691	117770786	FALSE	none	none	none	0	117770078	117770544	TRUE	B1F2	SINE	Alu	125	host_to_TE	117770691	117770544
OFFICIAL_SIMTX_ENSMUSG00000025572.16_iso3	ENSMUSG00000025572.16	Tmc6	protein_coding	chr11	-	117770078	117770544	TRUE	B1F2	SINE	Alu	125	117768922	117769000	FALSE	none	none	none	0	TE_to_host	117770078	117769000
OFFICIAL_SIMTX_ENSMUSG00000025946.12_iso2	ENSMUSG00000025946.12	Pth2r	protein_coding	chr1	+	65282056	65282223	TRUE	MLT1A1	LTR	ERVL-MaLR	168	65311257	65311670	FALSE	none	none	none	0	TE_to_host	65282223	65311257
OFFICIAL_SIMTX_ENSMUSG00000025946.12_iso3	ENSMUSG00000025946.12	Pth2r	protein_coding	chr1	+	65282056	65282223	TRUE	MLT1A1	LTR	ERVL-MaLR	168	65336974	65337089	FALSE	none	none	none	0	TE_to_host	65282223	65336974
OFFICIAL_SIMTX_ENSMUSG00000026102.8_iso3	ENSMUSG00000026102.8	Inpp1	protein_coding	chr1	-	52800119	52800371	TRUE	B1_Mus2,MT2B	SINE,LTR	Alu,ERVL	127	52799285	52799536	FALSE	none	none	none	0	TE_to_host	52800119	52799536
OFFICIAL_SIMTX_ENSMUSG00000026109.13_iso1	ENSMUSG00000026109.13	Tmeff2	protein_coding	chr1	+	50900647	50900782	TRUE	RLTR10D2,RMER6C	LTR	ERVK	88	50925267	50925409	FALSE	none	none	none	0	TE_to_host	50900782	50925267
OFFICIAL_SIMTX_ENSMUSG00000026109.13_iso2	ENSMUSG00000026109.13	Tmeff2	protein_coding	chr1	+	50909962	50910888	TRUE	MusHAL1,Lx2B2	LINE	L1	660	50912788	50912872	FALSE	none	none	none	0	TE_to_host	50910888	50912788
OFFICIAL_SIMTX_ENSMUSG00000026112.7_iso1	ENSMUSG00000026112.7	Coa5	protein_coding	chr1	-	37428512	37430000	TRUE	B3,MIRb	SINE	B2,MIR	192	37428342	37428425	FALSE	none	none	none	0	TE_to_host	37428512	37428425
OFFICIAL_SIMTX_ENSMUSG00000026112.7_iso2	ENSMUSG00000026112.7	Coa5	protein_coding	chr1	-	37428512	37430000	TRUE	B3,MIRb	SINE	B2,MIR	192	37428342	37428425	FALSE	none	none	none	0	TE_to_host	37428512	37428425
OFFICIAL_SIMTX_ENSMUSG00000026234.11_iso2	ENSMUSG00000026234.11	Ncl	protein_coding	chr1	-	86352198	86352306	FALSE	none	none	none	0	86351367	86352063	TRUE	B3	SINE	B2	68	host_to_TE	86352198	86352063
OFFICIAL_SIMTX_ENSMUSG00000026234.11_iso2	ENSMUSG00000026234.11	Ncl	protein_coding	chr1	-	86351367	86352063	TRUE	B3	SINE	B2	68	86350812	86351211	FALSE	none	none	none	0	TE_to_host	86351367	86351211
OFFICIAL_SIMTX_ENSMUSG00000026479.12_iso2	ENSMUSG00000026479.12	Lamc2	protein_coding	chr1	-	153127006	153127164	FALSE	none	none	none	0	153126098	153126915	TRUE	B3A	SINE	B2	12	host_to_TE	153127006	153126915
OFFICIAL_SIMTX_ENSMUSG00000026605.13_iso1	ENSMUSG00000026605.13	Cenpf	protein_coding	chr1	-	189661997	189662132	FALSE	none	none	none	0	189640606	189642802	TRUE	B2_Mm1a	SINE	B2	189	host_to_TE	189661997	189642802
OFFICIAL_SIMTX_ENSMUSG00000026605.13_iso2	ENSMUSG00000026605.13	Cenpf	protein_coding	chr1	-	189687060	189688086	TRUE	Lx5	LINE	L1	185	189682845	189682951	FALSE	none	none	none	0	TE_to_host	189687060	189682951
OFFICIAL_SIMTX_ENSMUSG00000026632.16_iso2	ENSMUSG00000026632.16	Tatdn3	protein_coding	chr1	-	191049282	191049362	FALSE	none	none	none	0	191045826	191046320	TRUE	B3A	SINE	B2	117	host_to_TE	191049282	191046320
OFFICIAL_SIMTX_ENSMUSG00000026755.13_iso1	ENSMUSG00000026755.13	Arpc5l	protein_coding	chr2	+	39010018	39013187	TRUE	MIR,MER20,B1_Mm,RLTR28	SINE,DNA,LTR	MIR,hAT-Charlie,Alu,ERVL	249	39013723	39013899	FALSE	none	none	none	0	TE_to_host	39013187	39013723
OFFICIAL_SIMTX_ENSMUSG00000026786.13_iso1	ENSMUSG00000026786.13	Apbb1ip	protein_coding	chr2	+	22826850	22826927	FALSE	none	none	none	0	22826850	22828586	TRUE	ID4_,B1_Mus2	SINE	ID,Alu	125	host_to_TE	22826927	22826850
OFFICIAL_SIMTX_ENSMUSG00000026786.13_iso1	ENSMUSG00000026786.13	Apbb1ip	protein_coding	chr2	+	22826850	22828586	TRUE	ID4_,B1_Mus2	SINE	ID,Alu	125	22866893	22866991	FALSE	none	none	none	0	TE_to_host	22828586	22866893
OFFICIAL_SIMTX_ENSMUSG00000027244.13_iso3	ENSMUSG00000027244.13	Atg13	protein_coding	chr2	-	91705581	91705734	TRUE	L1MB3,B1_Mus2	LINE,SINE	L1,Alu	67	91692428	91692547	FALSE	none	none	none	0	TE_to_host	91705581	91692547
OFFICIAL_SIMTX_ENSMUSG00000027306.14_iso2	ENSMUSG00000027306.14	Nusap1	protein_coding	chr2	+	119638448	119638563	FALSE	none	none	none	0	119648893	119651244	TRUE	PB1D11,B3A	SINE	Alu,B2	143	host_to_TE	119638563	119648893
OFFICIAL_SIMTX_ENSMUSG00000027306.14_iso3	ENSMUSG00000027306.14	Nusap1	protein_coding	chr2	+	119647090	119647198	FALSE	none	none	none	0	119648893	119650160	TRUE	PB1D11	SINE	Alu	17	host_to_TE	119647198	119648893
OFFICIAL_SIMTX_ENSMUSG00000027669.13_iso2	ENSMUSG00000027669.13	Gnb4	protein_coding	chr3	-	32616439	32616479	FALSE	none	none	none	0	32599844	32602140	TRUE	B3,ID,URR1B,B1F,RSINE1	SINE,DNA	B2,ID,hAT-Charlie,Alu,B4	219	host_to_TE	32616439	32602140
OFFICIAL_SIMTX_ENSMUSG00000027669.13_iso2	ENSMUSG00000027669.13	Gnb4	protein_coding	chr3	-	32599844	32602140	TRUE	B3,ID,URR1B,B1F,RSINE1	SINE,DNA	B2,ID,hAT-Charlie,Alu,B4	219	32598126	32598164	FALSE	none	none	none	0	TE_to_host	32599844	32598164
OFFICIAL_SIMTX_ENSMUSG00000027806.8_iso2	ENSMUSG00000027806.8	Tsc22d2	protein_coding	chr3	+	58459331	58459382	FALSE	none	none	none	0	58460008	58466783	TRUE	L1ME3G	LINE	L1	264	host_to_TE	58459382	58460008
OFFICIAL_SIMTX_ENSMUSG00000027806.8_iso3	ENSMUSG00000027806.8	Tsc22d2	protein_coding	chr3	+	58459331	58459382	FALSE	none	none	none	0	58460008	58466783	TRUE	L1ME3G	LINE	L1	264	host_to_TE	58459382	58460008
OFFICIAL_SIMTX_ENSMUSG00000027808.8_iso2	ENSMUSG00000027808.8	Serp1	protein_coding	chr3	-	58525410	58525892	FALSE	none	none	none	0	58519817	58523868	TRUE	B1_Mm,B1_Mus1	SINE	Alu	151	host_to_TE	58525410	58523868
OFFICIAL_SIMTX_ENSMUSG00000027962.13_iso1	ENSMUSG00000027962.13	Vcam1	protein_coding	chr3	-	116125955	116126275	FALSE	none	none	none	0	116122280	116123793	TRUE	L2b	LINE	L2	104	host_to_TE	116125955	116123793
OFFICIAL_SIMTX_ENSMUSG00000027962.13_iso1	ENSMUSG00000027962.13	Vcam1	protein_coding	chr3	-	116122280	116123793	TRUE	L2b	LINE	L2	104	116109949	116111037	FALSE	none	none	none	0	TE_to_host	116122280	116111037
OFFICIAL_SIMTX_ENSMUSG00000027962.13_iso2	ENSMUSG00000027962.13	Vcam1	protein_coding	chr3	-	116120798	116121073	FALSE	none	none	none	0	116116628	116120715	TRUE	B1_Mus2,B1_Mur1	SINE	Alu	143	host_to_TE	116120798	116120715
OFFICIAL_SIMTX_ENSMUSG00000027962.13_iso3	ENSMUSG00000027962.13	Vcam1	protein_coding	chr3	-	116125955	116126275	FALSE	none	none	none	0	116116628	116120715	TRUE	B1_Mus2,B1_Mur1	SINE	Alu	143	host_to_TE	116125955	116120715
OFFICIAL_SIMTX_ENSMUSG00000027962.13_iso3	ENSMUSG00000027962.13	Vcam1	protein_coding	chr3	-	116116628	116120715	TRUE	B1_Mus2,B1_Mur1	SINE	Alu	143	116114353	116114619	FALSE	none	none	none	0	TE_to_host	116116628	116114619
OFFICIAL_SIMTX_ENSMUSG00000028099.7_iso1	ENSMUSG00000028099.7	Polr3c	protein_coding	chr3	-	96723514	96723699	FALSE	none	none	none	0	96718723	96719326	TRUE	B3	SINE	B2	190	host_to_TE	96723514	96719326
OFFICIAL_SIMTX_ENSMUSG00000028099.7_iso1	ENSMUSG00000028099.7	Polr3c	protein_coding	chr3	-	96718723	96719326	TRUE	B3	SINE	B2	190	96716429	96716480	FALSE	none	none	none	0	TE_to_host	96718723	96716480
OFFICIAL_SIMTX_ENSMUSG00000028197.4_iso1	ENSMUSG00000028197.4	Col24a1	protein_coding	chr3	+	145480350	145480403	FALSE	none	none	none	0	145507650	145507757	TRUE	L2c	LINE	L2	34	host_to_TE	145480403	145507650
OFFICIAL_SIMTX_ENSMUSG00000028211.10_iso1	ENSMUSG00000028211.10	Trp53inp1	protein_coding	chr4	+	11165090	11166400	FALSE	none	none	none	0	11169710	11174379	TRUE	ID4	SINE	ID	77	host_to_TE	11166400	11169710
OFFICIAL_SIMTX_ENSMUSG00000028252.19_iso2	ENSMUSG00000028252.19	Ccnc	protein_coding	chr4	+	21746350	21746429	FALSE	none	none	none	0	21748137	21750546	TRUE	MER33	DNA	hAT-Charlie	222	host_to_TE	21746429	21748137
OFFICIAL_SIMTX_ENSMUSG00000028557.9_iso2	ENSMUSG00000028557.9	Rnf11	protein_coding	chr4	-	109456898	109457067	FALSE	none	none	none	0	109451098	109454422	TRUE	ORR1A4	LTR	ERVL-MaLR	349	host_to_TE	109456898	109454422
OFFICIAL_SIMTX_ENSMUSG00000028644.15_iso1	ENSMUSG00000028644.15	Ermap	protein_coding	chr4	-	119188702	119188747	FALSE	none	none	none	0	119182843	119183338	TRUE	L2a	LINE	L2	58	host_to_TE	119188702	119183338
OFFICIAL_SIMTX_ENSMUSG00000028644.15_iso1	ENSMUSG00000028644.15	Ermap	protein_coding	chr4	-	119182843	119183338	TRUE	L2a	LINE	L2	58	119182843	119182875	FALSE	none	none	none	0	TE_to_host	119182843	119182875
OFFICIAL_SIMTX_ENSMUSG00000028834.12_iso1	ENSMUSG00000028834.12	Trim63	protein_coding	chr4	+	134325045	134325067	FALSE	none	none	none	0	134328905	134329629	TRUE	B1_Mur1	SINE	Alu	149	host_to_TE	134325067	134328905
OFFICIAL_SIMTX_ENSMUSG00000028834.12_iso2	ENSMUSG00000028834.12	Trim63	protein_coding	chr4	+	134327705	134327782	FALSE	none	none	none	0	134328905	134329628	TRUE	B1_Mur1	SINE	Alu	149	host_to_TE	134327782	134328905
OFFICIAL_SIMTX_ENSMUSG00000029022.17_iso1	ENSMUSG00000029022.17	Miip	protein_coding	chr4	-	147865189	147865537	FALSE	none	none	none	0	147863573	147863921	TRUE	L2a	LINE	L2	110	host_to_TE	147865189	147863921
OFFICIAL_SIMTX_ENSMUSG00000029022.17_iso1	ENSMUSG00000029022.17	Miip	protein_coding	chr4	-	147863573	147863921	TRUE	L2a	LINE	L2	110	147862438	147862567	FALSE	none	none	none	0	TE_to_host	147863573	147862567
OFFICIAL_SIMTX_ENSMUSG00000029098.15_iso3	ENSMUSG00000029098.15	Acox3	protein_coding	chr5	+	35608258	35608432	FALSE	none	none	none	0	35612015	35613801	TRUE	Lx8b	LINE	L1	123	host_to_TE	35608432	35612015
OFFICIAL_SIMTX_ENSMUSG00000029260.14_iso1	ENSMUSG00000029260.14	Ugt2b34	protein_coding	chr5	-	86892743	86892962	FALSE	none	none	none	0	86889767	86891481	TRUE	B3,B4	SINE	B2,B4	196	host_to_TE	86892743	86891481
OFFICIAL_SIMTX_ENSMUSG00000029260.14_iso2	ENSMUSG00000029260.14	Ugt2b34	protein_coding	chr5	-	86893733	86893820	FALSE	none	none	none	0	86889767	86892962	TRUE	B3,B4	SINE	B2,B4	196	host_to_TE	86893733	86892962
OFFICIAL_SIMTX_ENSMUSG00000029260.14_iso3	ENSMUSG00000029260.14	Ugt2b34	protein_coding	chr5	-	86893733	86893820	FALSE	none	none	none	0	86889767	86892962	TRUE	B3,B4	SINE	B2,B4	196	host_to_TE	86893733	86892962
OFFICIAL_SIMTX_ENSMUSG00000029267.16_iso1	ENSMUSG00000029267.16	Mtf2	protein_coding	chr5	+	108065674	108065965	FALSE	none	none	none	0	108078165	108078428	TRUE	ORR1B1-int	LTR	ERVL-MaLR	264	host_to_TE	108065965	108078165
OFFICIAL_SIMTX_ENSMUSG00000029267.16_iso1	ENSMUSG00000029267.16	Mtf2	protein_coding	chr5	+	108078165	108078428	TRUE	ORR1B1-int	LTR	ERVL-MaLR	264	108094125	108094248	FALSE	none	none	none	0	TE_to_host	108078428	108094125
OFFICIAL_SIMTX_ENSMUSG00000029267.16_iso2	ENSMUSG00000029267.16	Mtf2	protein_coding	chr5	+	108065757	108065965	FALSE	none	none	none	0	108072915	108073454	TRUE	PB1D7	SINE	Alu	52	host_to_TE	108065965	108072915
OFFICIAL_SIMTX_ENSMUSG00000029267.16_iso2	ENSMUSG00000029267.16	Mtf2	protein_coding	chr5	+	108072915	108073454	TRUE	PB1D7	SINE	Alu	52	108073307	108073454	FALSE	none	none	none	0	TE_to_host	108073454	108073307
OFFICIAL_SIMTX_ENSMUSG00000029267.16_iso3	ENSMUSG00000029267.16	Mtf2	protein_coding	chr5	+	108078165	108078428	TRUE	ORR1B1-int	LTR	ERVL-MaLR	264	108087296	108087396	FALSE	none	none	none	0	TE_to_host	108078428	108087296
OFFICIAL_SIMTX_ENSMUSG00000029406.14_iso2	ENSMUSG00000029406.14	Pitpnm2	protein_coding	chr5	-	124140524	124140751	FALSE	none	none	none	0	124136102	124140261	TRUE	B4,MIRb	SINE	B4,MIR	238	host_to_TE	124140524	124140261
OFFICIAL_SIMTX_ENSMUSG00000029406.14_iso2	ENSMUSG00000029406.14	Pitpnm2	protein_coding	chr5	-	124136102	124140261	TRUE	B4,MIRb	SINE	B4,MIR	238	124127177	124127347	FALSE	none	none	none	0	TE_to_host	124136102	124127347
OFFICIAL_SIMTX_ENSMUSG00000029423.9_iso1	ENSMUSG00000029423.9	Piwil1	protein_coding	chr5	+	128702524	128702567	TRUE	MTD	LTR	ERVL-MaLR	44	128736174	128736354	FALSE	none	none	none	0	TE_to_host	128702567	128736174
OFFICIAL_SIMTX_ENSMUSG00000029423.9_iso2	ENSMUSG00000029423.9	Piwil1	protein_coding	chr5	+	128702524	128702567	TRUE	MTD	LTR	ERVL-MaLR	44	128743780	128743977	FALSE	none	none	none	0	TE_to_host	128702567	128743780
OFFICIAL_SIMTX_ENSMUSG00000029423.9_iso3	ENSMUSG00000029423.9	Piwil1	protein_coding	chr5	+	128702524	128702567	TRUE	MTD	LTR	ERVL-MaLR	44	128743227	128743307	FALSE	none	none	none	0	TE_to_host	128702567	128743227
OFFICIAL_SIMTX_ENSMUSG00000029449.10_iso1	ENSMUSG00000029449.10	Rhof	protein_coding	chr5	-	123120296	123120430	FALSE	none	none	none	0	123117334	123119594	TRUE	MER58A	DNA	hAT-Charlie	175	host_to_TE	123120296	123119594
OFFICIAL_SIMTX_ENSMUSG00000029449.10_iso3	ENSMUSG00000029449.10	Rhof	protein_coding	chr5	-	123120511	123120620	FALSE	none	none	none	0	123103044	123104528	TRUE	MLT1C	LTR	ERVL-MaLR	162	host_to_TE	123120511	123104528
OFFICIAL_SIMTX_ENSMUSG00000029536.8_iso1	ENSMUSG00000029536.8	Gatc	protein_coding	chr5	-	115340842	115341178	FALSE	none	none	none	0	115333239	115334594	TRUE	B3A,B1_Mus2	SINE	B2,Alu	163	host_to_TE	115340842	115334594
OFFICIAL_SIMTX_ENSMUSG00000029592.10_iso2	ENSMUSG00000029592.10	Usp30	protein_coding	chr5	+	114105748	114105851	FALSE	none	none	none	0	114111869	114112318	TRUE	ID_B1,B1F	SINE	B4,Alu	35	host_to_TE	114105851	114111869
OFFICIAL_SIMTX_ENSMUSG00000029592.10_iso2	ENSMUSG00000029592.10	Usp30	protein_coding	chr5	+	114111869	114112318	TRUE	ID_B1,B1F	SINE	B4,Alu	35	114112887	114112981	FALSE	none	none	none	0	TE_to_host	114112318	114112887
OFFICIAL_SIMTX_ENSMUSG00000029675.11_iso2	ENSMUSG00000029675.11	Eln	protein_coding	chr5	-	134724919	134725300	TRUE	URR1A	DNA	hAT-Charlie	14	134722464	134722505	FALSE	none	none	none	0	TE_to_host	134724919	134722505
OFFICIAL_SIMTX_ENSMUSG00000029727.7_iso2	ENSMUSG00000029727.7	Cyp3a13	protein_coding	chr5	-	137898798	137899024	FALSE	none	none	none	0	137892932	137894364	TRUE	B3A	SINE	B2	77	host_to_TE	137898798	137894364
OFFICIAL_SIMTX_ENSMUSG00000029821.14_iso1	ENSMUSG00000029821.14	Dfna5	protein_coding	chr6	-	50259381	50261975	TRUE	MIRb	SINE	MIR	171	50245930	50246122	FALSE	none	none	none	0	TE_to_host	50259381	50246122
OFFICIAL_SIMTX_ENSMUSG00000029821.14_iso2	ENSMUSG00000029821.14	Dfna5	protein_coding	chr6	-	50219237	50219438	FALSE	none	none	none	0	50189369	50190982	TRUE	MER2,RMER19A	DNA,LTR	TcMar-Tigger,ERVK	306	host_to_TE	50219237	50190982
OFFICIAL_SIMTX_ENSMUSG00000029919.5_iso2	ENSMUSG00000029919.5	Hpgds	protein_coding	chr6	-	65123558	65123656	FALSE	none	none	none	0	65119037	65122927	TRUE	B1_Mus1,B2_Mm2,Tigger6a,L2a,L1MC5	SINE,DNA,LINE	Alu,B2,TcMar-Tigger,L2,L1	282	host_to_TE	65123558	65122927
OFFICIAL_SIMTX_ENSMUSG00000029922.14_iso1	ENSMUSG00000029922.14	Mkrn1	protein_coding	chr6	-	39404648	39405081	TRUE	PB1D10	SINE	Alu	39	39401210	39401424	FALSE	none	none	none	0	TE_to_host	39404648	39401424
OFFICIAL_SIMTX_ENSMUSG00000030082.13_iso2	ENSMUSG00000030082.13	Sec61a1	protein_coding	chr6	-	88506173	88506221	FALSE	none	none	none	0	88506145	88506371	TRUE	B1_Mur4	SINE	Alu	57	host_to_TE	88506173	88506371
OFFICIAL_SIMTX_ENSMUSG00000030082.13_iso2	ENSMUSG00000030082.13	Sec61a1	protein_coding	chr6	-	88506145	88506371	TRUE	B1_Mur4	SINE	Alu	57	88504801	88505293	FALSE	none	none	none	0	TE_to_host	88506145	88505293
OFFICIAL_SIMTX_ENSMUSG00000030145.13_iso3	ENSMUSG00000030145.13	Zfp248	protein_coding	chr6	-	118433305	118433431	FALSE	none	none	none	0	118427319	118430394	TRUE	MER63D	DNA	hAT-Blackjack	266	host_to_TE	118433305	118430394
OFFICIAL_SIMTX_ENSMUSG00000030302.15_iso1	ENSMUSG00000030302.15	Atp2b2	protein_coding	chr6	-	113812785	113812910	FALSE	none	none	none	0	113803338	113805586	TRUE	RLTR17B_Mm	LTR	ERVK	157	host_to_TE	113812785	113805586
OFFICIAL_SIMTX_ENSMUSG00000030302.15_iso1	ENSMUSG00000030302.15	Atp2b2	protein_coding	chr6	-	113803338	113805586	TRUE	RLTR17B_Mm	LTR	ERVK	157	113773273	113773495	FALSE	none	none	none	0	TE_to_host	113803338	113773495
OFFICIAL_SIMTX_ENSMUSG00000030353.14_iso2	ENSMUSG00000030353.14	Tead4	protein_coding	chr6	-	128246321	128246376	FALSE	none	none	none	0	128227143	128228479	TRUE	MIR	SINE	MIR	103	host_to_TE	128246321	128228479
OFFICIAL_SIMTX_ENSMUSG00000030671.8_iso1	ENSMUSG00000030671.8	Pde3b	protein_coding	chr7	+	114534565	114534832	FALSE	none	none	none	0	114536031	114539251	TRUE	Lx5b	LINE	L1	428	host_to_TE	114534832	114536031
OFFICIAL_SIMTX_ENSMUSG00000030737.15_iso1	ENSMUSG00000030737.15	Slco2b1	protein_coding	chr7	-	99659857	99660120	FALSE	none	none	none	0	99658389	99660176	TRUE	ID_B1	SINE	B4	134	host_to_TE	99659857	99660176
OFFICIAL_SIMTX_ENSMUSG00000030737.15_iso2	ENSMUSG00000030737.15	Slco2b1	protein_coding	chr7	-	99666892	99667249	FALSE	none	none	none	0	99658389	99660176	TRUE	ID_B1	SINE	B4	134	host_to_TE	99666892	99660176
OFFICIAL_SIMTX_ENSMUSG00000030737.15_iso3	ENSMUSG00000030737.15	Slco2b1	protein_coding	chr7	-	99661518	99661582	FALSE	none	none	none	0	99657804	99660176	TRUE	ID_B1	SINE	B4	134	host_to_TE	99661518	99660176
OFFICIAL_SIMTX_ENSMUSG00000031012.16_iso2	ENSMUSG00000031012.16	Cask	protein_coding	chrX	-	13851168	13851367	TRUE	B3A	SINE	B2	58	13586844	13586965	FALSE	none	none	none	0	TE_to_host	13851168	13586965
OFFICIAL_SIMTX_ENSMUSG00000031072.12_iso1	ENSMUSG00000031072.12	Oraov1	protein_coding	chr7	+	144916136	144916533	TRUE	ID_B1	SINE	B4	115	144917610	144917680	FALSE	none	none	none	0	TE_to_host	144916533	144917610
OFFICIAL_SIMTX_ENSMUSG00000031072.12_iso2	ENSMUSG00000031072.12	Oraov1	protein_coding	chr7	+	144916136	144916533	TRUE	ID_B1	SINE	B4	115	144917610	144917680	FALSE	none	none	none	0	TE_to_host	144916533	144917610
OFFICIAL_SIMTX_ENSMUSG00000031146.6_iso1	ENSMUSG00000031146.6	Plp2	protein_coding	chrX	-	7669415	7669510	FALSE	none	none	none	0	7667960	7668506	TRUE	PB1D9	SINE	Alu	110	host_to_TE	7669415	7668506
OFFICIAL_SIMTX_ENSMUSG00000031146.6_iso2	ENSMUSG00000031146.6	Plp2	protein_coding	chrX	-	7668927	7669017	FALSE	none	none	none	0	7667960	7668506	TRUE	PB1D9	SINE	Alu	110	host_to_TE	7668927	7668506
OFFICIAL_SIMTX_ENSMUSG00000031220.13_iso2	ENSMUSG00000031220.13	Awat2	protein_coding	chrX	-	100442360	100442717	TRUE	Lx4B	LINE	L1	234	100405586	100405696	FALSE	none	none	none	0	TE_to_host	100442360	100405696
OFFICIAL_SIMTX_ENSMUSG00000031220.13_iso3	ENSMUSG00000031220.13	Awat2	protein_coding	chrX	-	100424300	100424448	TRUE	MT2B1	LTR	ERVL	149	100412451	100412587	FALSE	none	none	none	0	TE_to_host	100424300	100412587
OFFICIAL_SIMTX_ENSMUSG00000031428.10_iso1	ENSMUSG00000031428.10	Zcchc18	protein_coding	chrX	+	136993298	136994070	FALSE	none	none	none	0	136994513	136996116	TRUE	MamGyp-int	LTR	Gypsy	439	host_to_TE	136994070	136994513
OFFICIAL_SIMTX_ENSMUSG00000031428.10_iso2	ENSMUSG00000031428.10	Zcchc18	protein_coding	chrX	+	136993931	136994070	FALSE	none	none	none	0	136994513	136996116	TRUE	MamGyp-int	LTR	Gypsy	439	host_to_TE	136994070	136994513
OFFICIAL_SIMTX_ENSMUSG00000031574.7_iso2	ENSMUSG00000031574.7	Star	protein_coding	chr8	+	25811790	25811883	FALSE	none	none	none	0	25812773	25814723	TRUE	B1_Mur2,B3,PB1D7,B1_Mur4,RSINE1	SINE	Alu,B2,B4	213	host_to_TE	25811883	25812773
OFFICIAL_SIMTX_ENSMUSG00000031596.14_iso1	ENSMUSG00000031596.14	Slc7a2	protein_coding	chr8	+	40913963	40914129	FALSE	none	none	none	0	40916338	40922070	TRUE	Lx8,B1_Mus2,B1_Mm	LINE,SINE	L1,Alu	281	host_to_TE	40914129	40916338
OFFICIAL_SIMTX_ENSMUSG00000031600.10_iso1	ENSMUSG00000031600.10	Vps37a	protein_coding	chr8	+	40540889	40540947	FALSE	none	none	none	0	40546276	40551134	TRUE	B4,PB1D9,ORR1D1	SINE,LTR	B4,Alu,ERVL-MaLR	346	host_to_TE	40540947	40546276
OFFICIAL_SIMTX_ENSMUSG00000031600.10_iso2	ENSMUSG00000031600.10	Vps37a	protein_coding	chr8	+	40539310	40539380	FALSE	none	none	none	0	40546276	40551134	TRUE	B4,PB1D9,ORR1D1	SINE,LTR	B4,Alu,ERVL-MaLR	346	host_to_TE	40539380	40546276
OFFICIAL_SIMTX_ENSMUSG00000031951.7_iso2	ENSMUSG00000031951.7	Tmem231	protein_coding	chr8	-	111914489	111914594	FALSE	none	none	none	0	111912018	111914109	TRUE	ID_B1	SINE	B4	202	host_to_TE	111914489	111914109
OFFICIAL_SIMTX_ENSMUSG00000031959.13_iso2	ENSMUSG00000031959.13	Wdr59	protein_coding	chr8	-	111479308	111479377	FALSE	none	none	none	0	111448784	111451079	TRUE	ID4,B1F,RSINE1	SINE	ID,Alu,B4	162	host_to_TE	111479308	111451079
OFFICIAL_SIMTX_ENSMUSG00000031959.13_iso3	ENSMUSG00000031959.13	Wdr59	protein_coding	chr8	-	111458611	111458753	FALSE	none	none	none	0	111448784	111451079	TRUE	ID4,B1F,RSINE1	SINE	ID,Alu,B4	162	host_to_TE	111458611	111451079
OFFICIAL_SIMTX_ENSMUSG00000032030.15_iso1	ENSMUSG00000032030.15	Cul5	protein_coding	chr9	-	53669851	53670014	TRUE	RLTR20C1_MM	LTR	ERVK	164	53633985	53634115	FALSE	none	none	none	0	TE_to_host	53669851	53634115
OFFICIAL_SIMTX_ENSMUSG00000032422.16_iso1	ENSMUSG00000032422.16	Snx14	protein_coding	chr9	-	88392206	88394474	TRUE	B1_Mus1,RSINE1	SINE	Alu,B4	120	88391762	88391845	FALSE	none	none	none	0	TE_to_host	88392206	88391845
OFFICIAL_SIMTX_ENSMUSG00000032456.12_iso2	ENSMUSG00000032456.12	Nmnat3	protein_coding	chr9	+	98354019	98354164	FALSE	none	none	none	0	98354019	98355757	TRUE	L1MEc	LINE	L1	433	host_to_TE	98354164	98354019
OFFICIAL_SIMTX_ENSMUSG00000032456.12_iso2	ENSMUSG00000032456.12	Nmnat3	protein_coding	chr9	+	98367370	98368160	TRUE	L1MD2	LINE	L1	787	98399456	98399639	FALSE	none	none	none	0	TE_to_host	98368160	98399456
OFFICIAL_SIMTX_ENSMUSG00000032494.11_iso1	ENSMUSG00000032494.11	Tdgf1	protein_coding	chr9	-	110942530	110942644	FALSE	none	none	none	0	110940243	110940819	TRUE	PB1D9	SINE	Alu	102	host_to_TE	110942530	110940819
OFFICIAL_SIMTX_ENSMUSG00000032494.11_iso3	ENSMUSG00000032494.11	Tdgf1	protein_coding	chr9	-	110942530	110942644	FALSE	none	none	none	0	110940243	110940819	TRUE	PB1D9	SINE	Alu	102	host_to_TE	110942530	110940819
OFFICIAL_SIMTX_ENSMUSG00000032548.13_iso2	ENSMUSG00000032548.13	Slco2a1	protein_coding	chr9	+	103008154	103011907	TRUE	L3b,Lx7,ID_B1	LINE,SINE	CR1,L1,B4	200	103072559	103072634	FALSE	none	none	none	0	TE_to_host	103011907	103072559
OFFICIAL_SIMTX_ENSMUSG00000032773.8_iso1	ENSMUSG00000032773.8	Chrm1	protein_coding	chr19	+	8677862	8678154	FALSE	none	none	none	0	8677862	8681567	TRUE	MER5A	DNA	hAT-Charlie	128	host_to_TE	8678154	8677862
OFFICIAL_SIMTX_ENSMUSG00000032773.8_iso2	ENSMUSG00000032773.8	Chrm1	protein_coding	chr19	+	8677862	8678154	FALSE	none	none	none	0	8677862	8681567	TRUE	MER5A	DNA	hAT-Charlie	128	host_to_TE	8678154	8677862
OFFICIAL_SIMTX_ENSMUSG00000032773.8_iso3	ENSMUSG00000032773.8	Chrm1	protein_coding	chr19	+	8677862	8678154	FALSE	none	none	none	0	8677862	8681567	TRUE	MER5A	DNA	hAT-Charlie	128	host_to_TE	8678154	8677862
OFFICIAL_SIMTX_ENSMUSG00000033126.4_iso1	ENSMUSG00000033126.4	Ybey	protein_coding	chr10	-	76466237	76466365	FALSE	none	none	none	0	76459569	76463319	TRUE	RLTR1B,L1Md_F3,B1_Mus1	LTR,LINE,SINE	ERV1,L1,Alu	452	host_to_TE	76466237	76463319
OFFICIAL_SIMTX_ENSMUSG00000033126.4_iso2	ENSMUSG00000033126.4	Ybey	protein_coding	chr10	-	76468774	76469114	FALSE	none	none	none	0	76459569	76463319	TRUE	RLTR1B,L1Md_F3,B1_Mus1	LTR,LINE,SINE	ERV1,L1,Alu	452	host_to_TE	76468774	76463319
OFFICIAL_SIMTX_ENSMUSG00000033355.5_iso1	ENSMUSG00000033355.5	Rtp4	protein_coding	chr16	+	23609919	23610149	FALSE	none	none	none	0	23612881	23614222	TRUE	MLT1D	LTR	ERVL-MaLR	98	host_to_TE	23610149	23612881
OFFICIAL_SIMTX_ENSMUSG00000033355.5_iso2	ENSMUSG00000033355.5	Rtp4	protein_coding	chr16	+	23609919	23610149	FALSE	none	none	none	0	23612881	23614222	TRUE	MLT1D	LTR	ERVL-MaLR	98	host_to_TE	23610149	23612881
OFFICIAL_SIMTX_ENSMUSG00000033356.3_iso1	ENSMUSG00000033356.3	Pus7l	protein_coding	chr15	-	94541871	94541966	FALSE	none	none	none	0	94536159	94536673	TRUE	B3A	SINE	B2	184	host_to_TE	94541871	94536673
OFFICIAL_SIMTX_ENSMUSG00000033356.3_iso1	ENSMUSG00000033356.3	Pus7l	protein_coding	chr15	-	94536159	94536673	TRUE	B3A	SINE	B2	184	94531574	94531672	FALSE	none	none	none	0	TE_to_host	94536159	94531672
OFFICIAL_SIMTX_ENSMUSG00000033728.13_iso2	ENSMUSG00000033728.13	Lrrc14	protein_coding	chr15	+	76713401	76713570	FALSE	none	none	none	0	76714080	76717699	TRUE	B1_Mus1	SINE	Alu	137	host_to_TE	76713570	76714080
OFFICIAL_SIMTX_ENSMUSG00000033906.5_iso1	ENSMUSG00000033906.5	Zdhhc15	protein_coding	chrX	-	104560685	104560788	FALSE	none	none	none	0	104536969	104541168	TRUE	B1_Mur1	SINE	Alu	136	host_to_TE	104560685	104541168
OFFICIAL_SIMTX_ENSMUSG00000033953.10_iso1	ENSMUSG00000033953.10	Ppp3r1	protein_coding	chr11	+	17194669	17194853	FALSE	none	none	none	0	17194669	17195109	TRUE	PB1D9	SINE	Alu	113	host_to_TE	17194853	17194669
OFFICIAL_SIMTX_ENSMUSG00000033961.14_iso1	ENSMUSG00000033961.14	Zfp446	protein_coding	chr7	+	12979885	12979979	FALSE	none	none	none	0	12979885	12981463	TRUE	ID_B1	SINE	B4	192	host_to_TE	12979979	12979885
OFFICIAL_SIMTX_ENSMUSG00000033961.14_iso2	ENSMUSG00000033961.14	Zfp446	protein_coding	chr7	+	12981846	12981927	FALSE	none	none	none	0	12982119	12984315	TRUE	B1_Mur2	SINE	Alu	92	host_to_TE	12981927	12982119
OFFICIAL_SIMTX_ENSMUSG00000033961.14_iso3	ENSMUSG00000033961.14	Zfp446	protein_coding	chr7	+	12981846	12981927	FALSE	none	none	none	0	12982119	12984340	TRUE	B1_Mur2	SINE	Alu	92	host_to_TE	12981927	12982119
OFFICIAL_SIMTX_ENSMUSG00000034334.7_iso1	ENSMUSG00000034334.7	Fam151b	protein_coding	chr13	-	92466977	92467112	FALSE	none	none	none	0	92449622	92450252	TRUE	PB1D10	SINE	Alu	112	host_to_TE	92466977	92450252
OFFICIAL_SIMTX_ENSMUSG00000034334.7_iso2	ENSMUSG00000034334.7	Fam151b	protein_coding	chr13	-	92466977	92467112	FALSE	none	none	none	0	92449622	92450252	TRUE	PB1D10	SINE	Alu	112	host_to_TE	92466977	92450252
OFFICIAL_SIMTX_ENSMUSG00000034341.16_iso2	ENSMUSG00000034341.16	Wbp2	protein_coding	chr11	-	116083839	116083947	FALSE	none	none	none	0	116083096	116083947	TRUE	RSINE1	SINE	B4	78	host_to_TE	116083839	116083947
OFFICIAL_SIMTX_ENSMUSG00000034341.16_iso2	ENSMUSG00000034341.16	Wbp2	protein_coding	chr11	-	116083096	116083947	TRUE	RSINE1	SINE	B4	78	116081232	116081324	FALSE	none	none	none	0	TE_to_host	116083096	116081324
OFFICIAL_SIMTX_ENSMUSG00000035011.14_iso2	ENSMUSG00000035011.14	Zbtb7a	protein_coding	chr10	+	81147970	81148458	FALSE	none	none	none	0	81147970	81152222	TRUE	AmnSINE2	SINE	Deu	61	host_to_TE	81148458	81147970
OFFICIAL_SIMTX_ENSMUSG00000035011.14_iso3	ENSMUSG00000035011.14	Zbtb7a	protein_coding	chr10	+	81147970	81148458	FALSE	none	none	none	0	81147970	81152222	TRUE	AmnSINE2	SINE	Deu	61	host_to_TE	81148458	81147970
OFFICIAL_SIMTX_ENSMUSG00000035539.12_iso3	ENSMUSG00000035539.12	Ccdc180	protein_coding	chr4	+	45904539	45904618	FALSE	none	none	none	0	45909259	45909567	TRUE	L1MD	LINE	L1	7	host_to_TE	45904618	45909259
OFFICIAL_SIMTX_ENSMUSG00000035539.12_iso3	ENSMUSG00000035539.12	Ccdc180	protein_coding	chr4	+	45909259	45909567	TRUE	L1MD	LINE	L1	7	45948750	45948855	FALSE	none	none	none	0	TE_to_host	45909567	45948750
OFFICIAL_SIMTX_ENSMUSG00000035776.13_iso1	ENSMUSG00000035776.13	Cd99l2	protein_coding	chrX	-	71492522	71492649	FALSE	none	none	none	0	71491899	71492010	TRUE	MER5A1	DNA	hAT-Charlie	35	host_to_TE	71492522	71492010
OFFICIAL_SIMTX_ENSMUSG00000035776.13_iso1	ENSMUSG00000035776.13	Cd99l2	protein_coding	chrX	-	71491899	71492010	TRUE	MER5A1	DNA	hAT-Charlie	35	71449939	71450007	FALSE	none	none	none	0	TE_to_host	71491899	71450007
OFFICIAL_SIMTX_ENSMUSG00000035877.16_iso2	ENSMUSG00000035877.16	Zhx3	protein_coding	chr2	-	160781941	160782379	FALSE	none	none	none	0	160748708	160751909	TRUE	MTC,L2	LTR,LINE	ERVL-MaLR,L2	377	host_to_TE	160781941	160751909
OFFICIAL_SIMTX_ENSMUSG00000035877.16_iso3	ENSMUSG00000035877.16	Zhx3	protein_coding	chr2	-	160770447	160771625	FALSE	none	none	none	0	160748708	160751909	TRUE	MTC,L2	LTR,LINE	ERVL-MaLR,L2	377	host_to_TE	160770447	160751909
OFFICIAL_SIMTX_ENSMUSG00000035936.6_iso1	ENSMUSG00000035936.6	Aldh5a1	protein_coding	chr13	-	24918501	24918644	FALSE	none	none	none	0	24907579	24911766	TRUE	MER58B,RSINE1	DNA,SINE	hAT-Charlie,B4	185	host_to_TE	24918501	24911766
OFFICIAL_SIMTX_ENSMUSG00000036061.9_iso1	ENSMUSG00000036061.9	Smug1	protein_coding	chr15	-	103157617	103158002	FALSE	none	none	none	0	103153307	103156201	TRUE	MER21C,MIRb,ID_B1	LTR,SINE	ERVL,MIR,B4	381	host_to_TE	103157617	103156201
OFFICIAL_SIMTX_ENSMUSG00000036061.9_iso2	ENSMUSG00000036061.9	Smug1	protein_coding	chr15	-	103157617	103158002	FALSE	none	none	none	0	103153307	103156201	TRUE	MER21C,MIRb,ID_B1	LTR,SINE	ERVL,MIR,B4	381	host_to_TE	103157617	103156201
OFFICIAL_SIMTX_ENSMUSG00000036461.14_iso1	ENSMUSG00000036461.14	Elf1	protein_coding	chr14	+	79573172	79573618	FALSE	none	none	none	0	79580185	79582475	TRUE	PB1D11,ID_B1,B1_Mus2,MIR3	SINE	Alu,B4,MIR	146	host_to_TE	79573618	79580185
OFFICIAL_SIMTX_ENSMUSG00000036615.5_iso1	ENSMUSG00000036615.5	Rfxap	protein_coding	chr3	-	54805360	54805467	FALSE	none	none	none	0	54803115	54804575	TRUE	ID4_,PB1D10	SINE	ID,Alu	135	host_to_TE	54805360	54804575
OFFICIAL_SIMTX_ENSMUSG00000036615.5_iso2	ENSMUSG00000036615.5	Rfxap	protein_coding	chr3	-	54805360	54805467	FALSE	none	none	none	0	54804221	54804575	TRUE	PB1D10	SINE	Alu	135	host_to_TE	54805360	54804575
OFFICIAL_SIMTX_ENSMUSG00000036615.5_iso3	ENSMUSG00000036615.5	Rfxap	protein_coding	chr3	-	54805360	54805467	FALSE	none	none	none	0	54804221	54804575	TRUE	PB1D10	SINE	Alu	135	host_to_TE	54805360	54804575
OFFICIAL_SIMTX_ENSMUSG00000036641.8_iso1	ENSMUSG00000036641.8	Ccdc148	protein_coding	chr2	-	58827553	58827693	FALSE	none	none	none	0	58823430	58827693	TRUE	B3,B3A,MIRb	SINE	B2,MIR	187	host_to_TE	58827553	58827693
OFFICIAL_SIMTX_ENSMUSG00000036641.8_iso3	ENSMUSG00000036641.8	Ccdc148	protein_coding	chr2	-	58829750	58829867	FALSE	none	none	none	0	58823430	58827693	TRUE	B3,B3A,MIRb	SINE	B2,MIR	187	host_to_TE	58829750	58827693
OFFICIAL_SIMTX_ENSMUSG00000037111.9_iso1	ENSMUSG00000037111.9	Setd7	protein_coding	chr3	-	51536466	51536647	FALSE	none	none	none	0	51535501	51535880	TRUE	B4,RSINE1	SINE	B4	172	host_to_TE	51536466	51535880
OFFICIAL_SIMTX_ENSMUSG00000037111.9_iso1	ENSMUSG00000037111.9	Setd7	protein_coding	chr3	-	51535501	51535880	TRUE	B4,RSINE1	SINE	B4	172	51532975	51533056	FALSE	none	none	none	0	TE_to_host	51535501	51533056
OFFICIAL_SIMTX_ENSMUSG00000037111.9_iso2	ENSMUSG00000037111.9	Setd7	protein_coding	chr3	-	51548683	51551320	TRUE	RSINE1,B3A	SINE	B4,B2	127	51532975	51533056	FALSE	none	none	none	0	TE_to_host	51548683	51533056
OFFICIAL_SIMTX_ENSMUSG00000037134.15_iso2	ENSMUSG00000037134.15	Prmt10	protein_coding	chr8	+	77555665	77555813	FALSE	none	none	none	0	77560807	77563978	TRUE	B1_Mur3,B1_Mus2	SINE	Alu	92	host_to_TE	77555813	77560807
OFFICIAL_SIMTX_ENSMUSG00000037134.15_iso2	ENSMUSG00000037134.15	Prmt10	protein_coding	chr8	+	77563662	77564082	TRUE	B1_Mus2	SINE	Alu	48	77572009	77572726	FALSE	none	none	none	0	TE_to_host	77564082	77572009
OFFICIAL_SIMTX_ENSMUSG00000037134.15_iso3	ENSMUSG00000037134.15	Prmt10	protein_coding	chr8	+	77555665	77555813	FALSE	none	none	none	0	77560807	77563978	TRUE	B1_Mur3,B1_Mus2	SINE	Alu	92	host_to_TE	77555813	77560807
OFFICIAL_SIMTX_ENSMUSG00000037134.15_iso3	ENSMUSG00000037134.15	Prmt10	protein_coding	chr8	+	77560807	77563978	TRUE	B1_Mur3,B1_Mus2	SINE	Alu	92	77564954	77565146	FALSE	none	none	none	0	TE_to_host	77563978	77564954
OFFICIAL_SIMTX_ENSMUSG00000037151.7_iso2	ENSMUSG00000037151.7	Lrrc20	protein_coding	chr10	+	61482336	61482482	FALSE	none	none	none	0	61580130	61582226	TRUE	ID_B1,B2_Mm2	SINE	B4,B2	170	host_to_TE	61482482	61580130
OFFICIAL_SIMTX_ENSMUSG00000037151.7_iso3	ENSMUSG00000037151.7	Lrrc20	protein_coding	chr10	+	61548048	61548215	FALSE	none	none	none	0	61580130	61582226	TRUE	ID_B1,B2_Mm2	SINE	B4,B2	170	host_to_TE	61548215	61580130
OFFICIAL_SIMTX_ENSMUSG00000037287.13_iso2	ENSMUSG00000037287.13	Tbcel	protein_coding	chr9	-	42428072	42428238	TRUE	L2a	LINE	L2	88	42415789	42416149	FALSE	none	none	none	0	TE_to_host	42428072	42416149
OFFICIAL_SIMTX_ENSMUSG00000037393.2_iso1	ENSMUSG00000037393.2	Nmur2	protein_coding	chr11	-	56032940	56033024	FALSE	none	none	none	0	56024987	56027248	TRUE	RSINE1,MER63B	SINE,DNA	B4,hAT-Blackjack	165	host_to_TE	56032940	56027248
OFFICIAL_SIMTX_ENSMUSG00000037393.2_iso2	ENSMUSG00000037393.2	Nmur2	protein_coding	chr11	-	56032940	56033024	FALSE	none	none	none	0	56024987	56027248	TRUE	RSINE1,MER63B	SINE,DNA	B4,hAT-Blackjack	165	host_to_TE	56032940	56027248
OFFICIAL_SIMTX_ENSMUSG00000037747.8_iso1	ENSMUSG00000037747.8	Phyhipl	protein_coding	chr10	-	70626109	70626392	TRUE	MIR	SINE	MIR	196	70625735	70625806	FALSE	none	none	none	0	TE_to_host	70626109	70625806
OFFICIAL_SIMTX_ENSMUSG00000037846.17_iso2	ENSMUSG00000037846.17	Rtkn2	protein_coding	chr10	+	68043968	68044152	FALSE	none	none	none	0	68050686	68051046	TRUE	B4A	SINE	B4	121	host_to_TE	68044152	68050686
OFFICIAL_SIMTX_ENSMUSG00000037846.17_iso2	ENSMUSG00000037846.17	Rtkn2	protein_coding	chr10	+	68057886	68058258	TRUE	Charlie1	DNA	hAT-Charlie	373	68059114	68059737	FALSE	none	none	none	0	TE_to_host	68058258	68059114
OFFICIAL_SIMTX_ENSMUSG00000038020.5_iso1	ENSMUSG00000038020.5	Rapgefl1	protein_coding	chr11	+	98850332	98850429	FALSE	none	none	none	0	98851076	98853697	TRUE	RSINE1	SINE	B4	40	host_to_TE	98850429	98851076
OFFICIAL_SIMTX_ENSMUSG00000038102.14_iso1	ENSMUSG00000038102.14	Trappc11	protein_coding	chr8	-	47522351	47522447	FALSE	none	none	none	0	47510871	47511348	TRUE	B1_Mus1	SINE	Alu	36	host_to_TE	47522351	47511348
OFFICIAL_SIMTX_ENSMUSG00000038102.14_iso1	ENSMUSG00000038102.14	Trappc11	protein_coding	chr8	-	47510871	47511348	TRUE	B1_Mus1	SINE	Alu	36	47496919	47497010	FALSE	none	none	none	0	TE_to_host	47510871	47497010
OFFICIAL_SIMTX_ENSMUSG00000038298.13_iso2	ENSMUSG00000038298.13	Pdzk1	protein_coding	chr3	+	96833226	96833604	TRUE	ID_B1	SINE	B4	162	96851491	96851655	FALSE	none	none	none	0	TE_to_host	96833604	96851491
OFFICIAL_SIMTX_ENSMUSG00000038347.13_iso1	ENSMUSG00000038347.13	Tcte2	protein_coding	chr17	-	13548296	13548433	FALSE	none	none	none	0	13540282	13540421	TRUE	RLTR20C2_MM	LTR	ERVK	5	host_to_TE	13548296	13540421
OFFICIAL_SIMTX_ENSMUSG00000038347.13_iso1	ENSMUSG00000038347.13	Tcte2	protein_coding	chr17	-	13540282	13540421	TRUE	RLTR20C2_MM	LTR	ERVK	5	13496617	13496785	FALSE	none	none	none	0	TE_to_host	13540282	13496785
OFFICIAL_SIMTX_ENSMUSG00000038347.13_iso2	ENSMUSG00000038347.13	Tcte2	protein_coding	chr17	-	13761286	13761378	FALSE	none	none	none	0	13716436	13717633	TRUE	RLTR51B_Mm,L2c	LTR,LINE	ERVK?,L2	273	host_to_TE	13761286	13717633
OFFICIAL_SIMTX_ENSMUSG00000038347.13_iso2	ENSMUSG00000038347.13	Tcte2	protein_coding	chr17	-	13716436	13717633	TRUE	RLTR51B_Mm,L2c	LTR,LINE	ERVK?,L2	273	13714049	13714117	FALSE	none	none	none	0	TE_to_host	13716436	13714117
OFFICIAL_SIMTX_ENSMUSG00000038347.13_iso2	ENSMUSG00000038347.13	Tcte2	protein_coding	chr17	-	13668759	13668891	FALSE	none	none	none	0	13540282	13540421	TRUE	RLTR20C2_MM	LTR	ERVK	5	host_to_TE	13668759	13540421
OFFICIAL_SIMTX_ENSMUSG00000038347.13_iso2	ENSMUSG00000038347.13	Tcte2	protein_coding	chr17	-	13540282	13540421	TRUE	RLTR20C2_MM	LTR	ERVK	5	13496617	13496785	FALSE	none	none	none	0	TE_to_host	13540282	13496785
OFFICIAL_SIMTX_ENSMUSG00000038366.14_iso1	ENSMUSG00000038366.14	Lasp1	protein_coding	chr11	+	97834084	97834187	FALSE	none	none	none	0	97836072	97838764	TRUE	B1_Mur2	SINE	Alu	133	host_to_TE	97834187	97836072
OFFICIAL_SIMTX_ENSMUSG00000038560.7_iso1	ENSMUSG00000038560.7	Sp6	protein_coding	chr11	+	97018733	97019027	FALSE	none	none	none	0	97021406	97024731	TRUE	RLTR20A4	LTR	ERVK	67	host_to_TE	97019027	97021406
OFFICIAL_SIMTX_ENSMUSG00000038560.7_iso2	ENSMUSG00000038560.7	Sp6	protein_coding	chr11	+	97018733	97019027	FALSE	none	none	none	0	97021406	97024734	TRUE	RLTR20A4	LTR	ERVK	67	host_to_TE	97019027	97021406
OFFICIAL_SIMTX_ENSMUSG00000038664.15_iso1	ENSMUSG00000038664.15	Herc1	protein_coding	chr9	+	66496555	66497754	FALSE	none	none	none	0	66498680	66500520	TRUE	B4A	SINE	B4	161	host_to_TE	66497754	66498680
OFFICIAL_SIMTX_ENSMUSG00000038664.15_iso1	ENSMUSG00000038664.15	Herc1	protein_coding	chr9	+	66498680	66500520	TRUE	B4A	SINE	B4	161	66501176	66501428	FALSE	none	none	none	0	TE_to_host	66500520	66501176
OFFICIAL_SIMTX_ENSMUSG00000038664.15_iso2	ENSMUSG00000038664.15	Herc1	protein_coding	chr9	+	66473383	66473583	FALSE	none	none	none	0	66474734	66476745	TRUE	B3	SINE	B2	218	host_to_TE	66473583	66474734
OFFICIAL_SIMTX_ENSMUSG00000038664.15_iso2	ENSMUSG00000038664.15	Herc1	protein_coding	chr9	+	66474734	66476745	TRUE	B3	SINE	B2	218	66478945	66479091	FALSE	none	none	none	0	TE_to_host	66476745	66478945
OFFICIAL_SIMTX_ENSMUSG00000038784.12_iso2	ENSMUSG00000038784.12	Cnot4	protein_coding	chr6	-	35052469	35056409	TRUE	B1_Mm,B4A,PB1D10,B3	SINE	Alu,B4,B2	206	35051062	35051559	FALSE	none	none	none	0	TE_to_host	35052469	35051559
OFFICIAL_SIMTX_ENSMUSG00000038883.2_iso1	ENSMUSG00000038883.2	Prl3a1	protein_coding	chr13	+	27259436	27259675	TRUE	RMER15	LTR	ERVL	33	27272372	27272479	FALSE	none	none	none	0	TE_to_host	27259675	27272372
OFFICIAL_SIMTX_ENSMUSG00000038883.2_iso3	ENSMUSG00000038883.2	Prl3a1	protein_coding	chr13	+	27259436	27259675	TRUE	RMER15	LTR	ERVL	33	27275095	27275274	FALSE	none	none	none	0	TE_to_host	27259675	27275095
OFFICIAL_SIMTX_ENSMUSG00000038883.2_iso3	ENSMUSG00000038883.2	Prl3a1	protein_coding	chr13	+	27275095	27275274	FALSE	none	none	none	0	27276030	27276660	TRUE	Lx5c	LINE	L1	295	host_to_TE	27275274	27276030
OFFICIAL_SIMTX_ENSMUSG00000039128.12_iso3	ENSMUSG00000039128.12	Cdc123	protein_coding	chr2	-	5798361	5798489	FALSE	none	none	none	0	5794294	5794880	TRUE	ORR1A2	LTR	ERVL-MaLR	327	host_to_TE	5798361	5794880
OFFICIAL_SIMTX_ENSMUSG00000039419.15_iso3	ENSMUSG00000039419.15	Cntnap2	protein_coding	chr6	+	47296719	47296799	FALSE	none	none	none	0	47298415	47304209	TRUE	B1F,ID_B1,RSINE1,B1_Mus2	SINE	Alu,B4	148	host_to_TE	47296799	47298415
OFFICIAL_SIMTX_ENSMUSG00000039759.9_iso1	ENSMUSG00000039759.9	Thap3	protein_coding	chr4	-	151985669	151985861	FALSE	none	none	none	0	151985459	151985861	TRUE	B1_Mus1,ID	SINE	Alu,ID	93	host_to_TE	151985669	151985861
OFFICIAL_SIMTX_ENSMUSG00000039759.9_iso1	ENSMUSG00000039759.9	Thap3	protein_coding	chr4	-	151985459	151985861	TRUE	B1_Mus1,ID	SINE	Alu,ID	93	151983635	151983736	FALSE	none	none	none	0	TE_to_host	151985459	151983736
OFFICIAL_SIMTX_ENSMUSG00000039759.9_iso2	ENSMUSG00000039759.9	Thap3	protein_coding	chr4	-	151985669	151985861	FALSE	none	none	none	0	151985459	151985861	TRUE	B1_Mus1,ID	SINE	Alu,ID	93	host_to_TE	151985669	151985861
OFFICIAL_SIMTX_ENSMUSG00000039759.9_iso2	ENSMUSG00000039759.9	Thap3	protein_coding	chr4	-	151985459	151985861	TRUE	B1_Mus1,ID	SINE	Alu,ID	93	151983635	151983736	FALSE	none	none	none	0	TE_to_host	151985459	151983736
OFFICIAL_SIMTX_ENSMUSG00000039759.9_iso3	ENSMUSG00000039759.9	Thap3	protein_coding	chr4	-	151985669	151985861	FALSE	none	none	none	0	151985459	151985861	TRUE	B1_Mus1,ID	SINE	Alu,ID	93	host_to_TE	151985669	151985861
OFFICIAL_SIMTX_ENSMUSG00000039759.9_iso3	ENSMUSG00000039759.9	Thap3	protein_coding	chr4	-	151985459	151985861	TRUE	B1_Mus1,ID	SINE	Alu,ID	93	151983635	151983736	FALSE	none	none	none	0	TE_to_host	151985459	151983736
OFFICIAL_SIMTX_ENSMUSG00000040167.14_iso2	ENSMUSG00000040167.14	Ikzf5	protein_coding	chr7	-	131390368	131392121	FALSE	none	none	none	0	131388652	131392580	TRUE	PB1	SINE	Alu	118	host_to_TE	131390368	131392580
OFFICIAL_SIMTX_ENSMUSG00000040167.14_iso3	ENSMUSG00000040167.14	Ikzf5	protein_coding	chr7	-	131393755	131393937	FALSE	none	none	none	0	131388652	131392580	TRUE	PB1	SINE	Alu	118	host_to_TE	131393755	131392580
OFFICIAL_SIMTX_ENSMUSG00000040253.14_iso3	ENSMUSG00000040253.14	Gbp7	protein_coding	chr3	+	142545450	142545552	FALSE	none	none	none	0	142546320	142547050	TRUE	Lx6	LINE	L1	399	host_to_TE	142545552	142546320
OFFICIAL_SIMTX_ENSMUSG00000040265.15_iso2	ENSMUSG00000040265.15	Dnm3	protein_coding	chr1	-	162424455	162424589	TRUE	MTD	LTR	ERVL-MaLR	135	162311392	162311459	FALSE	none	none	none	0	TE_to_host	162424455	162311459
OFFICIAL_SIMTX_ENSMUSG00000040473.14_iso1	ENSMUSG00000040473.14	Cfap69	protein_coding	chr5	-	5581128	5581366	FALSE	none	none	none	0	5579278	5581366	TRUE	L2c,B3	LINE,SINE	L2,B2	216	host_to_TE	5581128	5581366
OFFICIAL_SIMTX_ENSMUSG00000040710.9_iso2	ENSMUSG00000040710.9	St8sia4	protein_coding	chr1	-	95627507	95627800	FALSE	none	none	none	0	95587682	95591964	TRUE	RLTR17B_Mm	LTR	ERVK	98	host_to_TE	95627507	95591964
OFFICIAL_SIMTX_ENSMUSG00000040782.11_iso1	ENSMUSG00000040782.11	Rfwd2	protein_coding	chr1	+	159342356	159342851	FALSE	none	none	none	0	159344821	159347640	TRUE	B3	SINE	B2	210	host_to_TE	159342851	159344821
OFFICIAL_SIMTX_ENSMUSG00000041046.7_iso1	ENSMUSG00000041046.7	Ramp3	protein_coding	chr11	+	6658521	6658627	FALSE	none	none	none	0	6664201	6664347	TRUE	MTD	LTR	ERVL-MaLR	106	host_to_TE	6658627	6664201
OFFICIAL_SIMTX_ENSMUSG00000041046.7_iso1	ENSMUSG00000041046.7	Ramp3	protein_coding	chr11	+	6664201	6664347	TRUE	MTD	LTR	ERVL-MaLR	106	6674763	6674895	FALSE	none	none	none	0	TE_to_host	6664347	6674763
OFFICIAL_SIMTX_ENSMUSG00000041046.7_iso2	ENSMUSG00000041046.7	Ramp3	protein_coding	chr11	+	6658521	6658627	FALSE	none	none	none	0	6664201	6664347	TRUE	MTD	LTR	ERVL-MaLR	106	host_to_TE	6658627	6664201
OFFICIAL_SIMTX_ENSMUSG00000041046.7_iso2	ENSMUSG00000041046.7	Ramp3	protein_coding	chr11	+	6664201	6664347	TRUE	MTD	LTR	ERVL-MaLR	106	6674763	6674895	FALSE	none	none	none	0	TE_to_host	6664347	6674763
OFFICIAL_SIMTX_ENSMUSG00000041124.10_iso1	ENSMUSG00000041124.10	Msantd4	protein_coding	chr9	+	4383535	4384142	FALSE	none	none	none	0	4384739	4386861	TRUE	MER20	DNA	hAT-Charlie	189	host_to_TE	4384142	4384739
OFFICIAL_SIMTX_ENSMUSG00000041124.10_iso2	ENSMUSG00000041124.10	Msantd4	protein_coding	chr9	+	4383535	4384142	FALSE	none	none	none	0	4384739	4386861	TRUE	MER20	DNA	hAT-Charlie	189	host_to_TE	4384142	4384739
OFFICIAL_SIMTX_ENSMUSG00000041710.4_iso2	ENSMUSG00000041710.4	Trpc5	protein_coding	chrX	-	144427485	144427821	FALSE	none	none	none	0	144418675	144419853	TRUE	PB1D11	SINE	Alu	119	host_to_TE	144427485	144419853
OFFICIAL_SIMTX_ENSMUSG00000041794.11_iso1	ENSMUSG00000041794.11	Myrip	protein_coding	chr9	+	120464901	120464961	FALSE	none	none	none	0	120467446	120467564	TRUE	L2	LINE	L2	17	host_to_TE	120464961	120467446
OFFICIAL_SIMTX_ENSMUSG00000041794.11_iso1	ENSMUSG00000041794.11	Myrip	protein_coding	chr9	+	120467446	120467564	TRUE	L2	LINE	L2	17	120472772	120474841	FALSE	none	none	none	0	TE_to_host	120467564	120472772
OFFICIAL_SIMTX_ENSMUSG00000041794.11_iso2	ENSMUSG00000041794.11	Myrip	protein_coding	chr9	+	120386309	120386405	TRUE	RLTR10C	LTR	ERVK	49	120422180	120422277	FALSE	none	none	none	0	TE_to_host	120386405	120422180
OFFICIAL_SIMTX_ENSMUSG00000041794.11_iso3	ENSMUSG00000041794.11	Myrip	protein_coding	chr9	+	120464901	120464961	FALSE	none	none	none	0	120467446	120467564	TRUE	L2	LINE	L2	17	host_to_TE	120464961	120467446
OFFICIAL_SIMTX_ENSMUSG00000041794.11_iso3	ENSMUSG00000041794.11	Myrip	protein_coding	chr9	+	120467446	120467564	TRUE	L2	LINE	L2	17	120472772	120474841	FALSE	none	none	none	0	TE_to_host	120467564	120472772
OFFICIAL_SIMTX_ENSMUSG00000042111.9_iso1	ENSMUSG00000042111.9	Ccdc115	protein_coding	chr1	-	34437727	34438696	FALSE	none	none	none	0	34436678	34437610	TRUE	PB1	SINE	Alu	81	host_to_TE	34437727	34437610
OFFICIAL_SIMTX_ENSMUSG00000042111.9_iso2	ENSMUSG00000042111.9	Ccdc115	protein_coding	chr1	-	34437727	34438696	FALSE	none	none	none	0	34436670	34437610	TRUE	PB1	SINE	Alu	81	host_to_TE	34437727	34437610
OFFICIAL_SIMTX_ENSMUSG00000042111.9_iso3	ENSMUSG00000042111.9	Ccdc115	protein_coding	chr1	-	34437727	34437858	FALSE	none	none	none	0	34436678	34437610	TRUE	PB1	SINE	Alu	81	host_to_TE	34437727	34437610
OFFICIAL_SIMTX_ENSMUSG00000042743.12_iso2	ENSMUSG00000042743.12	Sgtb	protein_coding	chr13	+	104129229	104129333	FALSE	none	none	none	0	104139740	104141735	TRUE	ID_B1	SINE	B4	208	host_to_TE	104129333	104139740
OFFICIAL_SIMTX_ENSMUSG00000042918.14_iso2	ENSMUSG00000042918.14	Mamstr	protein_coding	chr7	+	45642325	45642464	FALSE	none	none	none	0	45642325	45646521	TRUE	ID_B1	SINE	B4	131	host_to_TE	45642464	45642325
OFFICIAL_SIMTX_ENSMUSG00000042918.14_iso2	ENSMUSG00000042918.14	Mamstr	protein_coding	chr7	+	45642325	45646521	TRUE	ID_B1	SINE	B4	131	45642748	45642929	FALSE	none	none	none	0	TE_to_host	45646521	45642748
OFFICIAL_SIMTX_ENSMUSG00000042997.12_iso1	ENSMUSG00000042997.12	Nhlrc3	protein_coding	chr3	-	53453542	53453654	FALSE	none	none	none	0	53448588	53452649	TRUE	B1_Mur4,B1F2	SINE	Alu	122	host_to_TE	53453542	53452649
OFFICIAL_SIMTX_ENSMUSG00000042997.12_iso2	ENSMUSG00000042997.12	Nhlrc3	protein_coding	chr3	-	53453542	53453654	FALSE	none	none	none	0	53448588	53452649	TRUE	B1_Mur4,B1F2	SINE	Alu	122	host_to_TE	53453542	53452649
OFFICIAL_SIMTX_ENSMUSG00000042997.12_iso3	ENSMUSG00000042997.12	Nhlrc3	protein_coding	chr3	-	53453542	53453654	FALSE	none	none	none	0	53448588	53452649	TRUE	B1_Mur4,B1F2	SINE	Alu	122	host_to_TE	53453542	53452649
OFFICIAL_SIMTX_ENSMUSG00000043909.15_iso2	ENSMUSG00000043909.15	Trp53bp1	protein_coding	chr2	-	121198976	121199121	FALSE	none	none	none	0	121194838	121198607	TRUE	L2c	LINE	L2	116	host_to_TE	121198976	121198607
OFFICIAL_SIMTX_ENSMUSG00000044156.13_iso1	ENSMUSG00000044156.13	Hepacam2	protein_coding	chr6	-	3483611	3487396	TRUE	L2a	LINE	L2	737	3483320	3483574	FALSE	none	none	none	0	TE_to_host	3483611	3483574
OFFICIAL_SIMTX_ENSMUSG00000044156.13_iso2	ENSMUSG00000044156.13	Hepacam2	protein_coding	chr6	-	3486923	3487276	FALSE	none	none	none	0	3483611	3487396	TRUE	L2a	LINE	L2	737	host_to_TE	3486923	3487396
OFFICIAL_SIMTX_ENSMUSG00000044156.13_iso2	ENSMUSG00000044156.13	Hepacam2	protein_coding	chr6	-	3483611	3487396	TRUE	L2a	LINE	L2	737	3483290	3483574	FALSE	none	none	none	0	TE_to_host	3483611	3483574
OFFICIAL_SIMTX_ENSMUSG00000044349.14_iso3	ENSMUSG00000044349.14	Snhg11	protein_coding	chr2	+	158376081	158376326	FALSE	none	none	none	0	158380939	158386145	TRUE	RLTR18B,B1_Mur4,RLTR18-int,B1_Mus1,ORR1D2	LTR,SINE	ERVK,Alu,ERVL-MaLR	564	host_to_TE	158376326	158380939
OFFICIAL_SIMTX_ENSMUSG00000044367.7_iso1	ENSMUSG00000044367.7	Slc16a13	protein_coding	chr11	-	70218593	70219330	FALSE	none	none	none	0	70216789	70217921	TRUE	B3A	SINE	B2	173	host_to_TE	70218593	70217921
OFFICIAL_SIMTX_ENSMUSG00000044367.7_iso3	ENSMUSG00000044367.7	Slc16a13	protein_coding	chr11	-	70219176	70219330	FALSE	none	none	none	0	70216789	70217921	TRUE	B3A	SINE	B2	173	host_to_TE	70219176	70217921
OFFICIAL_SIMTX_ENSMUSG00000044375.7_iso1	ENSMUSG00000044375.7	BC027072	protein_coding	chr17	-	71749055	71752885	FALSE	none	none	none	0	71743557	71744729	TRUE	MTE2b	LTR	ERVL-MaLR	302	host_to_TE	71749055	71744729
OFFICIAL_SIMTX_ENSMUSG00000044469.7_iso1	ENSMUSG00000044469.7	Tnfaip8l1	protein_coding	chr17	+	56162477	56162606	FALSE	none	none	none	0	56171707	56173955	TRUE	RSINE1	SINE	B4	138	host_to_TE	56162606	56171707
OFFICIAL_SIMTX_ENSMUSG00000044583.12_iso1	ENSMUSG00000044583.12	Tlr7	protein_coding	chrX	-	167330001	167330099	FALSE	none	none	none	0	167309281	167309361	TRUE	RSINE1	SINE	B4	27	host_to_TE	167330001	167309361
OFFICIAL_SIMTX_ENSMUSG00000044583.12_iso2	ENSMUSG00000044583.12	Tlr7	protein_coding	chrX	-	167330001	167330099	FALSE	none	none	none	0	167309281	167309361	TRUE	RSINE1	SINE	B4	27	host_to_TE	167330001	167309361
OFFICIAL_SIMTX_ENSMUSG00000044788.10_iso1	ENSMUSG00000044788.10	Fads6	protein_coding	chr11	-	115297314	115297514	FALSE	none	none	none	0	115294985	115296704	TRUE	B1_Mus1	SINE	Alu	148	host_to_TE	115297314	115296704
OFFICIAL_SIMTX_ENSMUSG00000044788.10_iso1	ENSMUSG00000044788.10	Fads6	protein_coding	chr11	-	115294985	115296704	TRUE	B1_Mus1	SINE	Alu	148	115286118	115286298	FALSE	none	none	none	0	TE_to_host	115294985	115286298
OFFICIAL_SIMTX_ENSMUSG00000044788.10_iso2	ENSMUSG00000044788.10	Fads6	protein_coding	chr11	-	115296538	115296704	FALSE	none	none	none	0	115294985	115296704	TRUE	B1_Mus1	SINE	Alu	148	host_to_TE	115296538	115296704
OFFICIAL_SIMTX_ENSMUSG00000044788.10_iso2	ENSMUSG00000044788.10	Fads6	protein_coding	chr11	-	115294985	115296704	TRUE	B1_Mus1	SINE	Alu	148	115286118	115286298	FALSE	none	none	none	0	TE_to_host	115294985	115286298
OFFICIAL_SIMTX_ENSMUSG00000044788.10_iso2	ENSMUSG00000044788.10	Fads6	protein_coding	chr11	-	115285299	115285486	FALSE	none	none	none	0	115279622	115283655	TRUE	Lx8	LINE	L1	261	host_to_TE	115285299	115283655
OFFICIAL_SIMTX_ENSMUSG00000044819.5_iso1	ENSMUSG00000044819.5	Oxgr1	protein_coding	chr14	-	120042280	120042435	FALSE	none	none	none	0	120019585	120022867	TRUE	B4	SINE	B4	267	host_to_TE	120042280	120022867
OFFICIAL_SIMTX_ENSMUSG00000044952.5_iso1	ENSMUSG00000044952.5	Kctd21	protein_coding	chr7	+	97332327	97332371	FALSE	none	none	none	0	97347293	97350213	TRUE	MIRc	SINE	MIR	149	host_to_TE	97332371	97347293
OFFICIAL_SIMTX_ENSMUSG00000045326.12_iso2	ENSMUSG00000045326.12	Fndc7	protein_coding	chr3	-	108856088	108856248	FALSE	none	none	none	0	108853683	108856265	TRUE	B1_Mm,B1_Mur3,B1_Mur1,PB1D10,B3	SINE	Alu,B2	189	host_to_TE	108856088	108856265
OFFICIAL_SIMTX_ENSMUSG00000045326.12_iso3	ENSMUSG00000045326.12	Fndc7	protein_coding	chr3	-	108855340	108856265	FALSE	none	none	none	0	108853683	108856265	TRUE	B1_Mm,B1_Mur3,B1_Mur1,PB1D10,B3	SINE	Alu,B2	189	host_to_TE	108855340	108856265
OFFICIAL_SIMTX_ENSMUSG00000045777.13_iso1	ENSMUSG00000045777.13	Ifitm10	protein_coding	chr7	-	142370858	142371310	FALSE	none	none	none	0	142337905	142338022	TRUE	ORR1A2	LTR	ERVL-MaLR	118	host_to_TE	142370858	142338022
OFFICIAL_SIMTX_ENSMUSG00000045777.13_iso2	ENSMUSG00000045777.13	Ifitm10	protein_coding	chr7	-	142355922	142356114	FALSE	none	none	none	0	142337905	142338022	TRUE	ORR1A2	LTR	ERVL-MaLR	118	host_to_TE	142355922	142338022
OFFICIAL_SIMTX_ENSMUSG00000046020.12_iso1	ENSMUSG00000046020.12	Pofut1	protein_coding	chr2	+	153265695	153268063	FALSE	none	none	none	0	153265695	153270247	TRUE	PB1D11,MTD,RMER19A	SINE,LTR	Alu,ERVL-MaLR,ERVK	667	host_to_TE	153268063	153265695
OFFICIAL_SIMTX_ENSMUSG00000046020.12_iso1	ENSMUSG00000046020.12	Pofut1	protein_coding	chr2	+	153265695	153270247	TRUE	PB1D11,MTD,RMER19A	SINE,LTR	Alu,ERVL-MaLR,ERVK	667	153265755	153266503	FALSE	none	none	none	0	TE_to_host	153270247	153265755
OFFICIAL_SIMTX_ENSMUSG00000046449.14_iso2	ENSMUSG00000046449.14	C77370	protein_coding	chrX	-	104083714	104088230	FALSE	none	none	none	0	104077435	104083283	TRUE	PB1D9,MIRc	SINE	Alu,MIR	101	host_to_TE	104083714	104083283
OFFICIAL_SIMTX_ENSMUSG00000046798.13_iso2	ENSMUSG00000046798.13	Cldn12	protein_coding	chr5	-	5508408	5508454	FALSE	none	none	none	0	5505111	5508454	TRUE	B1_Mur1	SINE	Alu	133	host_to_TE	5508408	5508454
OFFICIAL_SIMTX_ENSMUSG00000047205.11_iso1	ENSMUSG00000047205.11	Dusp18	protein_coding	chr11	+	3895240	3895517	FALSE	none	none	none	0	3896943	3901296	TRUE	PB1D10,B3	SINE	Alu,B2	203	host_to_TE	3895517	3896943
OFFICIAL_SIMTX_ENSMUSG00000047205.11_iso2	ENSMUSG00000047205.11	Dusp18	protein_coding	chr11	+	3895240	3895517	FALSE	none	none	none	0	3896943	3901296	TRUE	PB1D10,B3	SINE	Alu,B2	203	host_to_TE	3895517	3896943
OFFICIAL_SIMTX_ENSMUSG00000047606.3_iso1	ENSMUSG00000047606.3	Ankrd34c	protein_coding	chr9	-	89728469	89730330	FALSE	none	none	none	0	89725239	89730330	TRUE	MIR	SINE	MIR	169	host_to_TE	89728469	89730330
OFFICIAL_SIMTX_ENSMUSG00000047606.3_iso2	ENSMUSG00000047606.3	Ankrd34c	protein_coding	chr9	-	89738075	89738445	FALSE	none	none	none	0	89725239	89730330	TRUE	MIR	SINE	MIR	169	host_to_TE	89738075	89730330
OFFICIAL_SIMTX_ENSMUSG00000047898.6_iso1	ENSMUSG00000047898.6	Ccr4	protein_coding	chr9	-	114496498	114496544	FALSE	none	none	none	0	114490316	114493055	TRUE	B1_Mus2,MT2B,B1_Mur1,PB1D11	SINE,LTR	Alu,ERVL	175	host_to_TE	114496498	114493055
OFFICIAL_SIMTX_ENSMUSG00000048337.3_iso1	ENSMUSG00000048337.3	Npy4r	protein_coding	chr14	-	34152260	34152489	FALSE	none	none	none	0	34143992	34147388	TRUE	MER5A1	DNA	hAT-Charlie	146	host_to_TE	34152260	34147388
OFFICIAL_SIMTX_ENSMUSG00000048814.9_iso1	ENSMUSG00000048814.9	Lonrf2	protein_coding	chr1	-	38835197	38836374	TRUE	B3	SINE	B2	7	38818062	38818184	FALSE	none	none	none	0	TE_to_host	38835197	38818184
OFFICIAL_SIMTX_ENSMUSG00000048814.9_iso2	ENSMUSG00000048814.9	Lonrf2	protein_coding	chr1	-	38835197	38836374	TRUE	B3	SINE	B2	7	38821147	38821215	FALSE	none	none	none	0	TE_to_host	38835197	38821215
OFFICIAL_SIMTX_ENSMUSG00000048834.14_iso1	ENSMUSG00000048834.14	Vstm2a	protein_coding	chr11	+	16409720	16409805	FALSE	none	none	none	0	16426651	16427310	TRUE	MTE2a,B1_Mus1	LTR,SINE	ERVL-MaLR,Alu	297	host_to_TE	16409805	16426651
OFFICIAL_SIMTX_ENSMUSG00000048834.14_iso2	ENSMUSG00000048834.14	Vstm2a	protein_coding	chr11	+	16262914	16263250	FALSE	none	none	none	0	16426651	16427310	TRUE	MTE2a,B1_Mus1	LTR,SINE	ERVL-MaLR,Alu	297	host_to_TE	16263250	16426651
OFFICIAL_SIMTX_ENSMUSG00000050017.10_iso1	ENSMUSG00000050017.10	Pitpnb	protein_coding	chr5	+	111380192	111380302	FALSE	none	none	none	0	111386503	111388359	TRUE	RLTR17B_Mm	LTR	ERVK	188	host_to_TE	111380302	111386503
OFFICIAL_SIMTX_ENSMUSG00000050017.10_iso3	ENSMUSG00000050017.10	Pitpnb	protein_coding	chr5	+	111385520	111385604	FALSE	none	none	none	0	111386503	111388359	TRUE	RLTR17B_Mm	LTR	ERVK	188	host_to_TE	111385604	111386503
OFFICIAL_SIMTX_ENSMUSG00000050271.11_iso1	ENSMUSG00000050271.11	D8Ertd82e	protein_coding	chr8	+	36099570	36099987	FALSE	none	none	none	0	36099570	36102744	TRUE	B3	SINE	B2	133	host_to_TE	36099987	36099570
OFFICIAL_SIMTX_ENSMUSG00000050271.11_iso1	ENSMUSG00000050271.11	D8Ertd82e	protein_coding	chr8	+	36099570	36102744	TRUE	B3	SINE	B2	133	36102556	36106609	FALSE	none	none	none	0	TE_to_host	36102744	36102556
OFFICIAL_SIMTX_ENSMUSG00000050271.11_iso2	ENSMUSG00000050271.11	D8Ertd82e	protein_coding	chr8	+	36099570	36099987	FALSE	none	none	none	0	36099570	36102744	TRUE	B3	SINE	B2	133	host_to_TE	36099987	36099570
OFFICIAL_SIMTX_ENSMUSG00000050271.11_iso2	ENSMUSG00000050271.11	D8Ertd82e	protein_coding	chr8	+	36099570	36102744	TRUE	B3	SINE	B2	133	36102556	36104351	FALSE	none	none	none	0	TE_to_host	36102744	36102556
OFFICIAL_SIMTX_ENSMUSG00000050373.12_iso2	ENSMUSG00000050373.12	Snx21	protein_coding	chr2	+	164786698	164786848	FALSE	none	none	none	0	164790411	164791568	TRUE	B4,B1F,ID_B1,RSINE1,PB1D9	SINE	B4,Alu	124	host_to_TE	164786848	164790411
OFFICIAL_SIMTX_ENSMUSG00000050373.12_iso2	ENSMUSG00000050373.12	Snx21	protein_coding	chr2	+	164790411	164791568	TRUE	B4,B1F,ID_B1,RSINE1,PB1D9	SINE	B4,Alu	124	164791713	164793816	FALSE	none	none	none	0	TE_to_host	164791568	164791713
OFFICIAL_SIMTX_ENSMUSG00000050612.5_iso1	ENSMUSG00000050612.5	Txndc2	protein_coding	chr17	-	65641977	65642204	TRUE	Lx8	LINE	L1	179	65639555	65639700	FALSE	none	none	none	0	TE_to_host	65641977	65639700
OFFICIAL_SIMTX_ENSMUSG00000051238.5_iso1	ENSMUSG00000051238.5	Swsap1	protein_coding	chr9	+	21955753	21956004	FALSE	none	none	none	0	21956677	21958270	TRUE	RSINE1,ID_B1,B1_Mur1,RMER15	SINE,LTR	B4,Alu,ERVL	143	host_to_TE	21956004	21956677
OFFICIAL_SIMTX_ENSMUSG00000051262.9_iso1	ENSMUSG00000051262.9	Cml3	protein_coding	chr6	-	85762433	85762480	FALSE	none	none	none	0	85732513	85733684	TRUE	PB1D7,Lx4B	SINE,LINE	Alu,L1	483	host_to_TE	85762433	85733684
OFFICIAL_SIMTX_ENSMUSG00000051262.9_iso2	ENSMUSG00000051262.9	Cml3	protein_coding	chr6	-	85762433	85762480	FALSE	none	none	none	0	85760679	85761850	TRUE	L1Md_F2	LINE	L1	206	host_to_TE	85762433	85761850
OFFICIAL_SIMTX_ENSMUSG00000051355.17_iso1	ENSMUSG00000051355.17	Commd1	protein_coding	chr11	-	22956152	22956232	FALSE	none	none	none	0	22899764	22900057	TRUE	Lx8	LINE	L1	45	host_to_TE	22956152	22900057
OFFICIAL_SIMTX_ENSMUSG00000051355.17_iso2	ENSMUSG00000051355.17	Commd1	protein_coding	chr11	-	22899835	22900057	FALSE	none	none	none	0	22896136	22900057	TRUE	RMER20A,PB1D9,MT2B,Lx8	LTR,SINE,LINE	ERVK,Alu,ERVL,L1	377	host_to_TE	22899835	22900057
OFFICIAL_SIMTX_ENSMUSG00000051727.13_iso2	ENSMUSG00000051727.13	Kctd14	protein_coding	chr7	+	97457594	97457779	FALSE	none	none	none	0	97457594	97458456	TRUE	B1_Mm	SINE	Alu	137	host_to_TE	97457779	97457594
OFFICIAL_SIMTX_ENSMUSG00000051951.5_iso1	ENSMUSG00000051951.5	Xkr4	protein_coding	chr1	-	3213609	3216344	TRUE	B3	SINE	B2	191	3206523	3207317	FALSE	none	none	none	0	TE_to_host	3213609	3207317
OFFICIAL_SIMTX_ENSMUSG00000051951.5_iso2	ENSMUSG00000051951.5	Xkr4	protein_coding	chr1	-	3213609	3216344	TRUE	B3	SINE	B2	191	3206523	3207317	FALSE	none	none	none	0	TE_to_host	3213609	3207317
OFFICIAL_SIMTX_ENSMUSG00000051951.5_iso3	ENSMUSG00000051951.5	Xkr4	protein_coding	chr1	-	3421702	3421901	FALSE	none	none	none	0	3214482	3216968	TRUE	B3	SINE	B2	191	host_to_TE	3421702	3216968
OFFICIAL_SIMTX_ENSMUSG00000051951.5_iso3	ENSMUSG00000051951.5	Xkr4	protein_coding	chr1	-	3213439	3215632	TRUE	B3	SINE	B2	171	3206523	3207317	FALSE	none	none	none	0	TE_to_host	3213439	3207317
OFFICIAL_SIMTX_ENSMUSG00000052557.10_iso1	ENSMUSG00000052557.10	Gan	protein_coding	chr8	+	117196452	117196580	FALSE	none	none	none	0	117204147	117215997	TRUE	B1_Mur3,RSINE1,B1_Mus2,B3A,B1_Mur4	SINE	Alu,B4,B2	148	host_to_TE	117196580	117204147
OFFICIAL_SIMTX_ENSMUSG00000052926.14_iso1	ENSMUSG00000052926.14	Rnaseh2a	protein_coding	chr8	-	84965571	84965642	FALSE	none	none	none	0	84959776	84959863	TRUE	L3	LINE	CR1	70	host_to_TE	84965571	84959863
OFFICIAL_SIMTX_ENSMUSG00000052926.14_iso3	ENSMUSG00000052926.14	Rnaseh2a	protein_coding	chr8	-	84965317	84965443	FALSE	none	none	none	0	84959776	84959863	TRUE	L3	LINE	CR1	70	host_to_TE	84965317	84959863
OFFICIAL_SIMTX_ENSMUSG00000052926.14_iso3	ENSMUSG00000052926.14	Rnaseh2a	protein_coding	chr8	-	84959776	84959863	TRUE	L3	LINE	CR1	70	84957678	84957864	FALSE	none	none	none	0	TE_to_host	84959776	84957864
OFFICIAL_SIMTX_ENSMUSG00000053184.14_iso1	ENSMUSG00000053184.14	Spaca3	protein_coding	chr11	+	80862960	80863225	FALSE	none	none	none	0	80864512	80864590	TRUE	LTR28B	LTR	ERV1	43	host_to_TE	80863225	80864512
OFFICIAL_SIMTX_ENSMUSG00000053184.14_iso1	ENSMUSG00000053184.14	Spaca3	protein_coding	chr11	+	80864512	80864590	TRUE	LTR28B	LTR	ERV1	43	80867638	80867810	FALSE	none	none	none	0	TE_to_host	80864590	80867638
OFFICIAL_SIMTX_ENSMUSG00000054626.10_iso1	ENSMUSG00000054626.10	Xlr	protein_coding	chrX	-	53787883	53788000	FALSE	none	none	none	0	53777118	53778400	TRUE	RMER15	LTR	ERVL	356	host_to_TE	53787883	53778400
OFFICIAL_SIMTX_ENSMUSG00000054757.11_iso3	ENSMUSG00000054757.11	Akr1c20	protein_coding	chr13	-	4510108	4510230	FALSE	none	none	none	0	4507159	4507846	TRUE	MLTR31F_MM	LTR	ERVK	303	host_to_TE	4510108	4507846
OFFICIAL_SIMTX_ENSMUSG00000055128.13_iso2	ENSMUSG00000055128.13	Cgrrf1	protein_coding	chr14	+	46840157	46840296	FALSE	none	none	none	0	46845874	46848059	TRUE	URR1B,B1_Mur3	DNA,SINE	hAT-Charlie,Alu	221	host_to_TE	46840296	46845874
OFFICIAL_SIMTX_ENSMUSG00000055128.13_iso2	ENSMUSG00000055128.13	Cgrrf1	protein_coding	chr14	+	46845874	46848059	TRUE	URR1B,B1_Mur3	DNA,SINE	hAT-Charlie,Alu	221	46846185	46846332	FALSE	none	none	none	0	TE_to_host	46848059	46846185
OFFICIAL_SIMTX_ENSMUSG00000055538.7_iso1	ENSMUSG00000055538.7	Zcchc24	protein_coding	chr14	-	25719627	25719792	FALSE	none	none	none	0	25711642	25715402	TRUE	MIR3	SINE	MIR	103	host_to_TE	25719627	25715402
OFFICIAL_SIMTX_ENSMUSG00000055538.7_iso2	ENSMUSG00000055538.7	Zcchc24	protein_coding	chr14	-	25719627	25719791	FALSE	none	none	none	0	25711644	25715402	TRUE	MIR3	SINE	MIR	103	host_to_TE	25719627	25715402
OFFICIAL_SIMTX_ENSMUSG00000055538.7_iso3	ENSMUSG00000055538.7	Zcchc24	protein_coding	chr14	-	25757011	25757211	FALSE	none	none	none	0	25711644	25715402	TRUE	MIR3	SINE	MIR	103	host_to_TE	25757011	25715402
OFFICIAL_SIMTX_ENSMUSG00000055835.9_iso2	ENSMUSG00000055835.9	Zfp1	protein_coding	chr8	+	111658386	111658441	FALSE	none	none	none	0	111669491	111671008	TRUE	B2_Mm2	SINE	B2	172	host_to_TE	111658441	111669491
OFFICIAL_SIMTX_ENSMUSG00000056130.8_iso1	ENSMUSG00000056130.8	Ticam2	protein_coding	chr18	-	46574215	46574533	FALSE	none	none	none	0	46571213	46572903	TRUE	L2	LINE	L2	56	host_to_TE	46574215	46572903
OFFICIAL_SIMTX_ENSMUSG00000056553.13_iso3	ENSMUSG00000056553.13	Ptprn2	protein_coding	chr12	+	116722083	116722196	FALSE	none	none	none	0	116772770	116773330	TRUE	B3A	SINE	B2	153	host_to_TE	116722196	116772770
OFFICIAL_SIMTX_ENSMUSG00000056553.13_iso3	ENSMUSG00000056553.13	Ptprn2	protein_coding	chr12	+	116772770	116773330	TRUE	B3A	SINE	B2	153	117269577	117269650	FALSE	none	none	none	0	TE_to_host	116773330	117269577
OFFICIAL_SIMTX_ENSMUSG00000057147.12_iso2	ENSMUSG00000057147.12	Dph6	protein_coding	chr2	-	114519669	114519799	FALSE	none	none	none	0	114516420	114518292	TRUE	B1_Mus1,ID_B1,B1F	SINE	Alu,B4	146	host_to_TE	114519669	114518292
OFFICIAL_SIMTX_ENSMUSG00000058317.10_iso1	ENSMUSG00000058317.10	Ube2e2	protein_coding	chr14	-	18630299	18630431	FALSE	none	none	none	0	18597091	18597241	TRUE	L1_Mus1	LINE	L1	151	host_to_TE	18630299	18597241
OFFICIAL_SIMTX_ENSMUSG00000058317.10_iso2	ENSMUSG00000058317.10	Ube2e2	protein_coding	chr14	-	18893585	18893693	FALSE	none	none	none	0	18886367	18888449	TRUE	B4A	SINE	B4	177	host_to_TE	18893585	18888449
OFFICIAL_SIMTX_ENSMUSG00000058317.10_iso2	ENSMUSG00000058317.10	Ube2e2	protein_coding	chr14	-	18886367	18888449	TRUE	B4A	SINE	B4	177	18630299	18630431	FALSE	none	none	none	0	TE_to_host	18886367	18630431
OFFICIAL_SIMTX_ENSMUSG00000058446.13_iso1	ENSMUSG00000058446.13	Znrf2	protein_coding	chr6	+	54878349	54878454	FALSE	none	none	none	0	54884765	54885111	TRUE	ID4_	SINE	ID	61	host_to_TE	54878454	54884765
OFFICIAL_SIMTX_ENSMUSG00000058729.12_iso1	ENSMUSG00000058729.12	Lin9	protein_coding	chr1	+	180679460	180681225	TRUE	B1_Mus2,B3,B3A	SINE	Alu,B2	193	180688263	180688360	FALSE	none	none	none	0	TE_to_host	180681225	180688263
OFFICIAL_SIMTX_ENSMUSG00000059149.16_iso2	ENSMUSG00000059149.16	Mfsd4	protein_coding	chr1	-	132041858	132041928	FALSE	none	none	none	0	132036784	132038973	TRUE	MER63D	DNA	hAT-Blackjack	208	host_to_TE	132041858	132038973
OFFICIAL_SIMTX_ENSMUSG00000059430.13_iso1	ENSMUSG00000059430.13	Actg2	protein_coding	chr6	-	83536180	83536265	FALSE	none	none	none	0	83527661	83527810	TRUE	RMER4A	LTR	ERVK	150	host_to_TE	83536180	83527810
OFFICIAL_SIMTX_ENSMUSG00000059430.13_iso1	ENSMUSG00000059430.13	Actg2	protein_coding	chr6	-	83527661	83527810	TRUE	RMER4A	LTR	ERVK	150	83527316	83527477	FALSE	none	none	none	0	TE_to_host	83527661	83527477
OFFICIAL_SIMTX_ENSMUSG00000059430.13_iso2	ENSMUSG00000059430.13	Actg2	protein_coding	chr6	-	83527661	83527810	TRUE	RMER4A	LTR	ERVK	150	83527316	83527491	FALSE	none	none	none	0	TE_to_host	83527661	83527491
OFFICIAL_SIMTX_ENSMUSG00000060568.13_iso1	ENSMUSG00000060568.13	Fam78b	protein_coding	chr1	+	167078537	167079465	FALSE	none	none	none	0	167078537	167081124	TRUE	MLT1-int	LTR	ERVL-MaLR	132	host_to_TE	167079465	167078537
OFFICIAL_SIMTX_ENSMUSG00000060568.13_iso2	ENSMUSG00000060568.13	Fam78b	protein_coding	chr1	+	167078537	167079785	FALSE	none	none	none	0	167087978	167091009	TRUE	MER5B	DNA	hAT-Charlie	145	host_to_TE	167079785	167087978
OFFICIAL_SIMTX_ENSMUSG00000060568.13_iso3	ENSMUSG00000060568.13	Fam78b	protein_coding	chr1	+	167087978	167089077	FALSE	none	none	none	0	167087978	167091302	TRUE	MER5B,B3A	DNA,SINE	hAT-Charlie,B2	145	host_to_TE	167089077	167087978
OFFICIAL_SIMTX_ENSMUSG00000060904.13_iso2	ENSMUSG00000060904.13	Arl1	protein_coding	chr10	+	88741907	88742035	FALSE	none	none	none	0	88743023	88744094	TRUE	ID_B1	SINE	B4	153	host_to_TE	88742035	88743023
OFFICIAL_SIMTX_ENSMUSG00000060904.13_iso3	ENSMUSG00000060904.13	Arl1	protein_coding	chr10	+	88741907	88742085	FALSE	none	none	none	0	88743023	88744094	TRUE	ID_B1	SINE	B4	153	host_to_TE	88742085	88743023
OFFICIAL_SIMTX_ENSMUSG00000061207.10_iso1	ENSMUSG00000061207.10	Stk19	protein_coding	chr17	-	34824751	34826451	TRUE	B3	SINE	B2	173	34824582	34824661	FALSE	none	none	none	0	TE_to_host	34824751	34824661
OFFICIAL_SIMTX_ENSMUSG00000061576.14_iso1	ENSMUSG00000061576.14	Dpp6	protein_coding	chr5	+	27533777	27533877	TRUE	MTA_Mm	LTR	ERVL-MaLR	97	27598802	27598922	FALSE	none	none	none	0	TE_to_host	27533877	27598802
OFFICIAL_SIMTX_ENSMUSG00000061576.14_iso2	ENSMUSG00000061576.14	Dpp6	protein_coding	chr5	+	27049393	27052130	TRUE	L1MA9	LINE	L1	67	27382755	27382869	FALSE	none	none	none	0	TE_to_host	27052130	27382755
OFFICIAL_SIMTX_ENSMUSG00000061578.8_iso2	ENSMUSG00000061578.8	Ksr2	protein_coding	chr5	+	117747335	117747431	FALSE	none	none	none	0	117765557	117775003	TRUE	B4A,PB1D11,ID_B1,Charlie12	SINE,DNA	B4,Alu,hAT-Charlie	189	host_to_TE	117747431	117765557
OFFICIAL_SIMTX_ENSMUSG00000063273.10_iso1	ENSMUSG00000063273.10	Naa15	protein_coding	chr3	+	51448553	51448659	FALSE	none	none	none	0	51469146	51472218	TRUE	B1_Mur4	SINE	Alu	134	host_to_TE	51448659	51469146
OFFICIAL_SIMTX_ENSMUSG00000063273.10_iso2	ENSMUSG00000063273.10	Naa15	protein_coding	chr3	+	51469146	51472218	TRUE	B1_Mur4	SINE	Alu	134	51472600	51475985	FALSE	none	none	none	0	TE_to_host	51472218	51472600
OFFICIAL_SIMTX_ENSMUSG00000063273.10_iso2	ENSMUSG00000063273.10	Naa15	protein_coding	chr3	+	51472600	51475985	FALSE	none	none	none	0	51472600	51476507	TRUE	ID,B1F	SINE	ID,Alu	65	host_to_TE	51475985	51472600
OFFICIAL_SIMTX_ENSMUSG00000063430.9_iso1	ENSMUSG00000063430.9	Wscd2	protein_coding	chr5	+	113490447	113490940	FALSE	none	none	none	0	113549985	113556509	TRUE	MER2,PB1D10,ID_B1,B3A,MIR3,MER2B,RLTR17B_Mm	DNA,SINE,LTR	TcMar-Tigger,Alu,B4,B2,MIR,ERVK	299	host_to_TE	113490940	113549985
OFFICIAL_SIMTX_ENSMUSG00000063430.9_iso1	ENSMUSG00000063430.9	Wscd2	protein_coding	chr5	+	113549985	113556509	TRUE	MER2,PB1D10,ID_B1,B3A,MIR3,MER2B,RLTR17B_Mm	DNA,SINE,LTR	TcMar-Tigger,Alu,B4,B2,MIR,ERVK	299	113558349	113558463	FALSE	none	none	none	0	TE_to_host	113556509	113558349
OFFICIAL_SIMTX_ENSMUSG00000063430.9_iso2	ENSMUSG00000063430.9	Wscd2	protein_coding	chr5	+	113577263	113577463	FALSE	none	none	none	0	113578788	113581866	TRUE	MIR3,MIRb,B1_Mur3	SINE	MIR,Alu	148	host_to_TE	113577463	113578788
OFFICIAL_SIMTX_ENSMUSG00000063430.9_iso2	ENSMUSG00000063430.9	Wscd2	protein_coding	chr5	+	113578788	113581866	TRUE	MIR3,MIRb,B1_Mur3	SINE	MIR,Alu	148	113587793	113589725	FALSE	none	none	none	0	TE_to_host	113581866	113587793
OFFICIAL_SIMTX_ENSMUSG00000065968.7_iso1	ENSMUSG00000065968.7	Ifitm7	protein_coding	chr16	-	13986630	13986855	FALSE	none	none	none	0	13982799	13984621	TRUE	RSINE1,PB1D10,B3	SINE	B4,Alu,B2	189	host_to_TE	13986630	13984621
OFFICIAL_SIMTX_ENSMUSG00000066037.13_iso2	ENSMUSG00000066037.13	Hnrnpr	protein_coding	chr4	+	136339019	136342966	FALSE	none	none	none	0	136355774	136357388	TRUE	PB1D7	SINE	Alu	121	host_to_TE	136342966	136355774
OFFICIAL_SIMTX_ENSMUSG00000066829.6_iso1	ENSMUSG00000066829.6	Zfp810	protein_coding	chr9	-	22284017	22284143	FALSE	none	none	none	0	22276748	22279280	TRUE	B1_Mur1	SINE	Alu	136	host_to_TE	22284017	22279280
OFFICIAL_SIMTX_ENSMUSG00000066829.6_iso2	ENSMUSG00000066829.6	Zfp810	protein_coding	chr9	-	22290539	22290642	FALSE	none	none	none	0	22276748	22279280	TRUE	B1_Mur1	SINE	Alu	136	host_to_TE	22290539	22279280
OFFICIAL_SIMTX_ENSMUSG00000066829.6_iso3	ENSMUSG00000066829.6	Zfp810	protein_coding	chr9	-	22284017	22284143	FALSE	none	none	none	0	22276748	22279280	TRUE	B1_Mur1	SINE	Alu	136	host_to_TE	22284017	22279280
OFFICIAL_SIMTX_ENSMUSG00000067594.5_iso1	ENSMUSG00000067594.5	Krt77	protein_coding	chr15	-	101869067	101869705	TRUE	L2c	LINE	L2	26	101865451	101865665	FALSE	none	none	none	0	TE_to_host	101869067	101865665
OFFICIAL_SIMTX_ENSMUSG00000067594.5_iso2	ENSMUSG00000067594.5	Krt77	protein_coding	chr15	-	101869067	101869705	TRUE	L2c	LINE	L2	26	101863752	101863847	FALSE	none	none	none	0	TE_to_host	101869067	101863847
OFFICIAL_SIMTX_ENSMUSG00000068417.7_iso1	ENSMUSG00000068417.7	Pnp2	protein_coding	chr14	+	50963679	50963869	FALSE	none	none	none	0	50964256	50964749	TRUE	RLTR9C	LTR	ERVK	289	host_to_TE	50963869	50964256
OFFICIAL_SIMTX_ENSMUSG00000068417.7_iso2	ENSMUSG00000068417.7	Pnp2	protein_coding	chr14	+	50963679	50963869	FALSE	none	none	none	0	50964256	50964749	TRUE	RLTR9C	LTR	ERVK	289	host_to_TE	50963869	50964256
OFFICIAL_SIMTX_ENSMUSG00000068417.7_iso3	ENSMUSG00000068417.7	Pnp2	protein_coding	chr14	+	50963679	50963869	FALSE	none	none	none	0	50964256	50964749	TRUE	RLTR9C	LTR	ERVK	289	host_to_TE	50963869	50964256
OFFICIAL_SIMTX_ENSMUSG00000068732.5_iso1	ENSMUSG00000068732.5	Tmem167b	protein_coding	chr3	-	108560187	108560318	FALSE	none	none	none	0	108556425	108558960	TRUE	ID4	SINE	ID	68	host_to_TE	108560187	108558960
OFFICIAL_SIMTX_ENSMUSG00000068732.5_iso2	ENSMUSG00000068732.5	Tmem167b	protein_coding	chr3	-	108560187	108560318	FALSE	none	none	none	0	108556425	108558960	TRUE	ID4	SINE	ID	68	host_to_TE	108560187	108558960
OFFICIAL_SIMTX_ENSMUSG00000068744.11_iso1	ENSMUSG00000068744.11	Psrc1	protein_coding	chr3	+	108386065	108386407	TRUE	B1_Mus1	SINE	Alu	49	108386500	108386622	FALSE	none	none	none	0	TE_to_host	108386407	108386500
OFFICIAL_SIMTX_ENSMUSG00000068744.11_iso2	ENSMUSG00000068744.11	Psrc1	protein_coding	chr3	+	108384854	108386873	TRUE	ID_B1,RSINE1,B1_Mus1,PB1D11	SINE	B4,Alu	178	108387278	108387395	FALSE	none	none	none	0	TE_to_host	108386873	108387278
OFFICIAL_SIMTX_ENSMUSG00000068922.13_iso1	ENSMUSG00000068922.13	Msto1	protein_coding	chr3	-	88911537	88913903	TRUE	B3,B1_Mur1	SINE	B2,Alu	196	88911287	88911439	FALSE	none	none	none	0	TE_to_host	88911537	88911439
OFFICIAL_SIMTX_ENSMUSG00000068923.13_iso1	ENSMUSG00000068923.13	Syt11	protein_coding	chr3	-	88761726	88762384	FALSE	none	none	none	0	88744701	88748010	TRUE	B1_Mur4	SINE	Alu	148	host_to_TE	88761726	88748010
OFFICIAL_SIMTX_ENSMUSG00000068923.13_iso2	ENSMUSG00000068923.13	Syt11	protein_coding	chr3	-	88751912	88752051	TRUE	B1F2	SINE	Alu	25	88748779	88748902	FALSE	none	none	none	0	TE_to_host	88751912	88748902
OFFICIAL_SIMTX_ENSMUSG00000068923.13_iso2	ENSMUSG00000068923.13	Syt11	protein_coding	chr3	-	88747472	88748010	FALSE	none	none	none	0	88744700	88748010	TRUE	B1_Mur4	SINE	Alu	148	host_to_TE	88747472	88748010
OFFICIAL_SIMTX_ENSMUSG00000070284.9_iso2	ENSMUSG00000070284.9	Gmppb	protein_coding	chr9	+	108051326	108051916	FALSE	none	none	none	0	108051326	108052801	TRUE	B4	SINE	B4	41	host_to_TE	108051916	108051326
OFFICIAL_SIMTX_ENSMUSG00000070644.12_iso3	ENSMUSG00000070644.12	Etnk2	protein_coding	chr1	+	133368750	133368872	FALSE	none	none	none	0	133373135	133375050	TRUE	PB1D10,ID4	SINE	Alu,ID	113	host_to_TE	133368872	133373135
OFFICIAL_SIMTX_ENSMUSG00000070644.12_iso3	ENSMUSG00000070644.12	Etnk2	protein_coding	chr1	+	133373135	133375050	TRUE	PB1D10,ID4	SINE	Alu,ID	113	133376906	133377051	FALSE	none	none	none	0	TE_to_host	133375050	133376906
OFFICIAL_SIMTX_ENSMUSG00000070777.4_iso1	ENSMUSG00000070777.4	Ceacam20	protein_coding	chr7	+	19974172	19974450	FALSE	none	none	none	0	19989973	19991113	TRUE	B3,B4,B3A	SINE	B2,B4	182	host_to_TE	19974450	19989973
OFFICIAL_SIMTX_ENSMUSG00000071229.3_iso1	ENSMUSG00000071229.3	Timm8a2	protein_coding	chr14	+	122034674	122035012	FALSE	none	none	none	0	122037847	122038420	TRUE	B3	SINE	B2	221	host_to_TE	122035012	122037847
OFFICIAL_SIMTX_ENSMUSG00000071229.3_iso2	ENSMUSG00000071229.3	Timm8a2	protein_coding	chr14	+	122034674	122035012	FALSE	none	none	none	0	122037847	122038420	TRUE	B3	SINE	B2	221	host_to_TE	122035012	122037847
OFFICIAL_SIMTX_ENSMUSG00000072494.7_iso2	ENSMUSG00000072494.7	Ppp1r3e	protein_coding	chr14	-	54875597	54876621	TRUE	MIR3	SINE	MIR	15	54873047	54873300	FALSE	none	none	none	0	TE_to_host	54875597	54873300
OFFICIAL_SIMTX_ENSMUSG00000072494.7_iso3	ENSMUSG00000072494.7	Ppp1r3e	protein_coding	chr14	-	54875597	54876621	TRUE	MIR3	SINE	MIR	15	54873047	54873300	FALSE	none	none	none	0	TE_to_host	54875597	54873300
OFFICIAL_SIMTX_ENSMUSG00000072640.10_iso1	ENSMUSG00000072640.10	Lyrm9	protein_coding	chr11	+	78839123	78839275	FALSE	none	none	none	0	78839123	78846870	TRUE	MIRb,B2_Mm2,RSINE1,B3A,B1_Mus1	SINE	MIR,B2,B4,Alu	212	host_to_TE	78839275	78839123
OFFICIAL_SIMTX_ENSMUSG00000072672.9_iso1	ENSMUSG00000072672.9	Duxbl3	protein_coding	chr14	+	26258786	26258935	FALSE	none	none	none	0	26259758	26259906	TRUE	MTE2b	LTR	ERVL-MaLR	149	host_to_TE	26258935	26259758
OFFICIAL_SIMTX_ENSMUSG00000072672.9_iso1	ENSMUSG00000072672.9	Duxbl3	protein_coding	chr14	+	26259758	26259906	TRUE	MTE2b	LTR	ERVL-MaLR	149	26262731	26262788	FALSE	none	none	none	0	TE_to_host	26259906	26262731
OFFICIAL_SIMTX_ENSMUSG00000072672.9_iso1	ENSMUSG00000072672.9	Duxbl3	protein_coding	chr14	+	26263389	26263543	FALSE	none	none	none	0	26268027	26269436	TRUE	ORR1D2	LTR	ERVL-MaLR	144	host_to_TE	26263543	26268027
OFFICIAL_SIMTX_ENSMUSG00000072679.9_iso1	ENSMUSG00000072679.9	D6Ertd474e	lincRNA	chr6	+	143295614	143295708	FALSE	none	none	none	0	143295614	143297272	TRUE	B4A,MTEa	SINE,LTR	B4,ERVL-MaLR	242	host_to_TE	143295708	143295614
OFFICIAL_SIMTX_ENSMUSG00000072679.9_iso2	ENSMUSG00000072679.9	D6Ertd474e	lincRNA	chr6	+	143286050	143286141	FALSE	none	none	none	0	143295614	143297272	TRUE	B4A,MTEa	SINE,LTR	B4,ERVL-MaLR	242	host_to_TE	143286141	143295614
OFFICIAL_SIMTX_ENSMUSG00000072704.6_iso1	ENSMUSG00000072704.6	Smim10l1	protein_coding	chr6	+	133107864	133107982	FALSE	none	none	none	0	133110793	133110897	TRUE	MTE2a	LTR	ERVL-MaLR	105	host_to_TE	133107982	133110793
OFFICIAL_SIMTX_ENSMUSG00000072704.6_iso2	ENSMUSG00000072704.6	Smim10l1	protein_coding	chr6	+	133104909	133107750	TRUE	HAL1ME,PB1D10	LINE,SINE	L1,Alu	119	133107864	133107982	FALSE	none	none	none	0	TE_to_host	133107750	133107864
OFFICIAL_SIMTX_ENSMUSG00000072845.3_iso1	ENSMUSG00000072845.3	Tmprss11a	protein_coding	chr5	-	86420002	86420261	FALSE	none	none	none	0	86415288	86418345	TRUE	B1_Mm,RLTR11A,MYSERV16_I-int,L1Md_F2	SINE,LTR,LINE	Alu,ERVK,L1	819	host_to_TE	86420002	86418345
OFFICIAL_SIMTX_ENSMUSG00000072845.3_iso1	ENSMUSG00000072845.3	Tmprss11a	protein_coding	chr5	-	86415288	86418345	TRUE	B1_Mm,RLTR11A,MYSERV16_I-int,L1Md_F2	SINE,LTR,LINE	Alu,ERVK,L1	819	86414477	86414619	FALSE	none	none	none	0	TE_to_host	86415288	86414619
OFFICIAL_SIMTX_ENSMUSG00000072845.3_iso2	ENSMUSG00000072845.3	Tmprss11a	protein_coding	chr5	-	86415288	86418345	TRUE	B1_Mm,RLTR11A,MYSERV16_I-int,L1Md_F2	SINE,LTR,LINE	Alu,ERVK,L1	819	86410410	86411923	FALSE	none	none	none	0	TE_to_host	86415288	86411923
OFFICIAL_SIMTX_ENSMUSG00000073400.6_iso1	ENSMUSG00000073400.6	Trim10	protein_coding	chr17	+	36869574	36870307	FALSE	none	none	none	0	36871673	36871768	TRUE	L2	LINE	L2	36	host_to_TE	36870307	36871673
OFFICIAL_SIMTX_ENSMUSG00000073400.6_iso1	ENSMUSG00000073400.6	Trim10	protein_coding	chr17	+	36871673	36871768	TRUE	L2	LINE	L2	36	36874166	36874281	FALSE	none	none	none	0	TE_to_host	36871768	36874166
OFFICIAL_SIMTX_ENSMUSG00000073400.6_iso2	ENSMUSG00000073400.6	Trim10	protein_coding	chr17	+	36869574	36870307	FALSE	none	none	none	0	36871673	36871768	TRUE	L2	LINE	L2	36	host_to_TE	36870307	36871673
OFFICIAL_SIMTX_ENSMUSG00000073400.6_iso2	ENSMUSG00000073400.6	Trim10	protein_coding	chr17	+	36871673	36871768	TRUE	L2	LINE	L2	36	36872339	36872569	FALSE	none	none	none	0	TE_to_host	36871768	36872339
OFFICIAL_SIMTX_ENSMUSG00000073400.6_iso2	ENSMUSG00000073400.6	Trim10	protein_coding	chr17	+	36874166	36874281	FALSE	none	none	none	0	36876822	36877833	TRUE	MIR3	SINE	MIR	108	host_to_TE	36874281	36876822
OFFICIAL_SIMTX_ENSMUSG00000073400.6_iso3	ENSMUSG00000073400.6	Trim10	protein_coding	chr17	+	36874166	36874281	FALSE	none	none	none	0	36876822	36877833	TRUE	MIR3	SINE	MIR	108	host_to_TE	36874281	36876822
OFFICIAL_SIMTX_ENSMUSG00000074151.11_iso2	ENSMUSG00000074151.11	Nlrc5	protein_coding	chr8	+	94525067	94525503	FALSE	none	none	none	0	94525979	94527264	TRUE	PB1D11,ID4_	SINE	Alu,ID	91	host_to_TE	94525503	94525979
OFFICIAL_SIMTX_ENSMUSG00000074151.11_iso3	ENSMUSG00000074151.11	Nlrc5	protein_coding	chr8	+	94525067	94525503	FALSE	none	none	none	0	94525979	94527264	TRUE	PB1D11,ID4_	SINE	Alu,ID	91	host_to_TE	94525503	94525979
OFFICIAL_SIMTX_ENSMUSG00000075316.10_iso1	ENSMUSG00000075316.10	Scn9a	protein_coding	chr2	-	66634456	66634653	FALSE	none	none	none	0	66565778	66568314	TRUE	B4,Lx6	SINE,LINE	B4,L1	105	host_to_TE	66634456	66568314
OFFICIAL_SIMTX_ENSMUSG00000075316.10_iso1	ENSMUSG00000075316.10	Scn9a	protein_coding	chr2	-	66565778	66568314	TRUE	B4,Lx6	SINE,LINE	B4,L1	105	66550340	66550403	FALSE	none	none	none	0	TE_to_host	66565778	66550403
OFFICIAL_SIMTX_ENSMUSG00000078598.10_iso1	ENSMUSG00000078598.10	Skint5	protein_coding	chr4	-	113999455	113999503	FALSE	none	none	none	0	113795514	113795576	TRUE	MurERV4-int	LTR	ERVK	63	host_to_TE	113999455	113795576
OFFICIAL_SIMTX_ENSMUSG00000078598.10_iso1	ENSMUSG00000078598.10	Skint5	protein_coding	chr4	-	113795514	113795576	TRUE	MurERV4-int	LTR	ERVK	63	113779045	113779107	FALSE	none	none	none	0	TE_to_host	113795514	113779107
OFFICIAL_SIMTX_ENSMUSG00000078598.10_iso1	ENSMUSG00000078598.10	Skint5	protein_coding	chr4	-	113779045	113779107	FALSE	none	none	none	0	113512025	113512087	TRUE	MurERV4-int	LTR	ERVK	63	host_to_TE	113779045	113512087
OFFICIAL_SIMTX_ENSMUSG00000078598.10_iso2	ENSMUSG00000078598.10	Skint5	protein_coding	chr4	-	113937586	113937678	FALSE	none	none	none	0	113763478	113763540	TRUE	MurERV4-int	LTR	ERVK	63	host_to_TE	113937586	113763540
OFFICIAL_SIMTX_ENSMUSG00000078598.10_iso2	ENSMUSG00000078598.10	Skint5	protein_coding	chr4	-	113517092	113517154	TRUE	MurERV4-int	LTR	ERVK	63	113479672	113479785	FALSE	none	none	none	0	TE_to_host	113517092	113479785
OFFICIAL_SIMTX_ENSMUSG00000078795.2_iso1	ENSMUSG00000078795.2	Ceacam15	protein_coding	chr7	-	16673170	16673529	FALSE	none	none	none	0	16671331	16672203	TRUE	PB1D11	SINE	Alu	106	host_to_TE	16673170	16672203
OFFICIAL_SIMTX_ENSMUSG00000078808.4_iso1	ENSMUSG00000078808.4	Vmn1r58	protein_coding	chr7	-	5413001	5413145	FALSE	none	none	none	0	5408887	5411424	TRUE	L1Md_F2,RMER20C_Mm	LINE,LTR	L1,ERVK	1021	host_to_TE	5413001	5411424
OFFICIAL_SIMTX_ENSMUSG00000084762.1_iso1	ENSMUSG00000084762.1	Platr3	lincRNA	chr2	+	135648907	135648971	FALSE	none	none	none	0	135649133	135649202	TRUE	B1F	SINE	Alu	63	host_to_TE	135648971	135649133
OFFICIAL_SIMTX_ENSMUSG00000085272.6_iso2	ENSMUSG00000085272.6	Sbk3	protein_coding	chr7	-	4967340	4968026	FALSE	none	none	none	0	4965260	4968026	TRUE	L1MD3,URR1A	LINE,DNA	L1,hAT-Charlie	258	host_to_TE	4967340	4968026
OFFICIAL_SIMTX_ENSMUSG00000086212.6_iso1	ENSMUSG00000086212.6	Mkln1os	lincRNA	chr6	-	31384684	31386305	FALSE	none	none	none	0	31383037	31383394	TRUE	B4A,PB1D10	SINE	B4,Alu	234	host_to_TE	31384684	31383394
OFFICIAL_SIMTX_ENSMUSG00000086212.6_iso2	ENSMUSG00000086212.6	Mkln1os	lincRNA	chr6	-	31384684	31386305	FALSE	none	none	none	0	31383037	31383394	TRUE	B4A,PB1D10	SINE	B4,Alu	234	host_to_TE	31384684	31383394
OFFICIAL_SIMTX_ENSMUSG00000089774.2_iso1	ENSMUSG00000089774.2	Slc5a3	protein_coding	chr16	+	92058322	92058480	FALSE	none	none	none	0	92076720	92087473	TRUE	MER124,B3	DNA?,SINE	DNA?,B2	225	host_to_TE	92058480	92076720
OFFICIAL_SIMTX_ENSMUSG00000089774.2_iso1	ENSMUSG00000089774.2	Slc5a3	protein_coding	chr16	+	92076720	92087473	TRUE	MER124,B3	DNA?,SINE	DNA?,B2	225	92083733	92083808	FALSE	none	none	none	0	TE_to_host	92087473	92083733
OFFICIAL_SIMTX_ENSMUSG00000091045.7_iso2	ENSMUSG00000091045.7	Vmn2r55	protein_coding	chr7	-	12668031	12668276	FALSE	none	none	none	0	12665463	12665540	TRUE	L1Md_F2	LINE	L1	78	host_to_TE	12668031	12665540
OFFICIAL_SIMTX_ENSMUSG00000091045.7_iso3	ENSMUSG00000091045.7	Vmn2r55	protein_coding	chr7	-	12670392	12671189	FALSE	none	none	none	0	12665463	12665540	TRUE	L1Md_F2	LINE	L1	78	host_to_TE	12670392	12665540
OFFICIAL_SIMTX_ENSMUSG00000091045.7_iso3	ENSMUSG00000091045.7	Vmn2r55	protein_coding	chr7	-	12665463	12665540	TRUE	L1Md_F2	LINE	L1	78	12651706	12652644	FALSE	none	none	none	0	TE_to_host	12665463	12652644
OFFICIAL_SIMTX_ENSMUSG00000091898.7_iso1	ENSMUSG00000091898.7	Tnnc1	protein_coding	chr14	+	31210564	31210678	FALSE	none	none	none	0	31210564	31210998	TRUE	B1_Mus1	SINE	Alu	150	host_to_TE	31210678	31210564
OFFICIAL_SIMTX_ENSMUSG00000091898.7_iso1	ENSMUSG00000091898.7	Tnnc1	protein_coding	chr14	+	31210564	31210998	TRUE	B1_Mus1	SINE	Alu	150	31211506	31211729	FALSE	none	none	none	0	TE_to_host	31210998	31211506
OFFICIAL_SIMTX_ENSMUSG00000091898.7_iso2	ENSMUSG00000091898.7	Tnnc1	protein_coding	chr14	+	31210564	31210678	FALSE	none	none	none	0	31210564	31210998	TRUE	B1_Mus1	SINE	Alu	150	host_to_TE	31210678	31210564
OFFICIAL_SIMTX_ENSMUSG00000091898.7_iso2	ENSMUSG00000091898.7	Tnnc1	protein_coding	chr14	+	31210564	31210998	TRUE	B1_Mus1	SINE	Alu	150	31211506	31211636	FALSE	none	none	none	0	TE_to_host	31210998	31211506
OFFICIAL_SIMTX_ENSMUSG00000094658.6_iso1	ENSMUSG00000094658.6	Rbmy	protein_coding	chrY	+	2837128	2837280	FALSE	none	none	none	0	2840911	2840999	TRUE	RMER17D	LTR	ERVK	47	host_to_TE	2837280	2840911
OFFICIAL_SIMTX_ENSMUSG00000094658.6_iso2	ENSMUSG00000094658.6	Rbmy	protein_coding	chrY	+	2839555	2839635	FALSE	none	none	none	0	2840911	2840999	TRUE	RMER17D	LTR	ERVK	47	host_to_TE	2839635	2840911
OFFICIAL_SIMTX_ENSMUSG00000094936.6_iso1	ENSMUSG00000094936.6	Rbm4	protein_coding	chr19	-	4792398	4792820	FALSE	none	none	none	0	4790068	4792820	TRUE	B1_Mur4	SINE	Alu	128	host_to_TE	4792398	4792820
OFFICIAL_SIMTX_ENSMUSG00000094936.6_iso1	ENSMUSG00000094936.6	Rbm4	protein_coding	chr19	-	4790068	4792820	TRUE	B1_Mur4	SINE	Alu	128	4787361	4788042	FALSE	none	none	none	0	TE_to_host	4790068	4788042
OFFICIAL_SIMTX_ENSMUSG00000094936.6_iso3	ENSMUSG00000094936.6	Rbm4	protein_coding	chr19	-	4792398	4792820	FALSE	none	none	none	0	4790068	4792820	TRUE	B1_Mur4	SINE	Alu	128	host_to_TE	4792398	4792820
OFFICIAL_SIMTX_ENSMUSG00000094936.6_iso3	ENSMUSG00000094936.6	Rbm4	protein_coding	chr19	-	4790068	4792820	TRUE	B1_Mur4	SINE	Alu	128	4785153	4785567	FALSE	none	none	none	0	TE_to_host	4790068	4785567
OFFICIAL_SIMTX_ENSMUSG00000097333.6_iso1	ENSMUSG00000097333.6	Zfp87	protein_coding	chr13	-	67519166	67519220	FALSE	none	none	none	0	67515781	67518112	TRUE	ORR1D2,MTE2a	LTR	ERVL-MaLR	295	host_to_TE	67519166	67518112
OFFICIAL_SIMTX_ENSMUSG00000097333.6_iso3	ENSMUSG00000097333.6	Zfp87	protein_coding	chr13	-	67519166	67519220	FALSE	none	none	none	0	67515781	67518112	TRUE	ORR1D2,MTE2a	LTR	ERVL-MaLR	295	host_to_TE	67519166	67518112
OFFICIAL_SIMTX_ENSMUSG00000097881.6_iso1	ENSMUSG00000097881.6	Celrr	lincRNA	chr1	+	121099039	121099087	FALSE	none	none	none	0	121113758	121113861	TRUE	B4	SINE	B4	104	host_to_TE	121099087	121113758
OFFICIAL_SIMTX_ENSMUSG00000097881.6_iso1	ENSMUSG00000097881.6	Celrr	lincRNA	chr1	+	121113758	121113861	TRUE	B4	SINE	B4	104	121177852	121178441	FALSE	none	none	none	0	TE_to_host	121113861	121177852
OFFICIAL_SIMTX_ENSMUSG00000097881.6_iso2	ENSMUSG00000097881.6	Celrr	lincRNA	chr1	+	121087471	121087556	FALSE	none	none	none	0	121113758	121113861	TRUE	B4	SINE	B4	104	host_to_TE	121087556	121113758
OFFICIAL_SIMTX_ENSMUSG00000097881.6_iso2	ENSMUSG00000097881.6	Celrr	lincRNA	chr1	+	121113758	121113861	TRUE	B4	SINE	B4	104	121117309	121117465	FALSE	none	none	none	0	TE_to_host	121113861	121117309
OFFICIAL_SIMTX_ENSMUSG00000097881.6_iso2	ENSMUSG00000097881.6	Celrr	lincRNA	chr1	+	121117309	121117465	FALSE	none	none	none	0	121119858	121120956	TRUE	ORR1E,RMER30,Tigger5b	LTR,DNA	ERVL-MaLR,hAT-Charlie,TcMar-Tigger	272	host_to_TE	121117465	121119858
OFFICIAL_SIMTX_ENSMUSG00000097881.6_iso2	ENSMUSG00000097881.6	Celrr	lincRNA	chr1	+	121119858	121120956	TRUE	ORR1E,RMER30,Tigger5b	LTR,DNA	ERVL-MaLR,hAT-Charlie,TcMar-Tigger	272	121137201	121137464	FALSE	none	none	none	0	TE_to_host	121120956	121137201
